text,document_label,max_confidence,entity_count,entities_json,error,raw_response,true_label
"Hoe vang je wezenlijk de stress op door paspoortaanvragen? Doe je het als Teacher, early years/pre in Nederland.",0,0.0,0,[],,"```json
[]
```",0
"Saludos, Masculino. Necesitamos que confirmes tu fecha de nacimiento 2010-11-08T00:00:00 para la transacción bancaria estructurada.",1,0.9,1,"[{""label"": ""dob"", ""value"": ""2010-11-08T00:00:00"", ""confidence_score"": ""0.90""}]",,"```json
[
  {""label"": ""dob"", ""value"": ""2010-11-08T00:00:00"", ""confidence_score"": ""0.90""}
]
```",1
"Bonjour, le management de Boichat veut revoir les chiffres de Ventes.",0,0.0,0,[],,"```json
[]
```",0
<html><body><p>Ich stimme der Veröffentlichung und Nutzung meines Abbildes zu. <br /> VIN: P8L74BP894PL5B42B <br /> Litecoin-Adresse: L5Ld67Sbh1B0H0rqOSpZXlrB3S7AArGXkM <br /> Telefonnummer: 00980-81386  <br /> Führungsschein-Nr.: 2165106743 </p></body></html>,1,0.9,2,"[{""label"": ""license"", ""value"": ""2165106743"", ""confidence_score"": ""0.85""}, {""label"": ""phone"", ""value"": ""00980-81386"", ""confidence_score"": ""0.90""}]",,"```json
[
  {""label"": ""license"", ""value"": ""2165106743"", ""confidence_score"": ""0.85""},
  {""label"": ""phone"",   ""value"": ""00980-81386"", ""confidence_score"": ""0.90""}
]
```",1
<!DOCTYPE html><html><body><p>Nous vous invitons à consulter le nouveau curriculum de mathématiques avancées qui sera mis en place dès le semestre prochain. Accédez aux ressources via [IPV4_1] et n'hésitez pas à nous contacter à MSN@yahoo.com pour toute question.</p></body></html>,1,0.98,2,"[{""label"": ""email"", ""value"": ""MSN@yahoo.com"", ""confidence_score"": ""0.98""}, {""label"": ""ip_address"", ""value"": ""IPV4_1"", ""confidence_score"": ""0.85""}]",,"```json
[
  {""label"": ""email"",   ""value"": ""MSN@yahoo.com"", ""confidence_score"": ""0.98""},
  {""label"": ""ip_address"", ""value"": ""IPV4_1"",       ""confidence_score"": ""0.85""}
]
```",1
Contactpersoon: Vrouw met een MAC-adres 70:e6:4f:e8:66:97 werkend in farmaceutische aanvragen.,1,0.98,1,"[{""label"": ""ip_address"", ""value"": ""70:e6:4f:e8:66:97"", ""confidence_score"": ""0.98""}]",,"```json
[
  {""label"": ""ip_address"", ""value"": ""70:e6:4f:e8:66:97"", ""confidence_score"": ""0.98""}
]
```",0
"Ehi Operazioni, hai tempo per una chiamata alle 9 riguardo al nuovo ICO? Trova il mio indirizzo bitcoin 3RAkz6u1ThBkX84n8lgzaIrgGVLMRVAMHn.",1,0.85,1,"[{""label"": ""address"", ""value"": ""3RAkz6u1ThBkX84n8lgzaIrgGVLMRVAMHn"", ""confidence_score"": ""0.85""}]",,"```json
[
  {""label"": ""address"", ""value"": ""3RAkz6u1ThBkX84n8lgzaIrgGVLMRVAMHn"", ""confidence_score"": ""0.85""}
]
```",0
"Ciao Analy, ricordiamo che hai un appuntamento alle 12:46. Contattaci al numero +75 496566792 se hai bisogno di ulteriori informazioni.",1,0.9,2,"[{""label"": ""name"", ""value"": ""Analy"", ""confidence_score"": ""0.85""}, {""label"": ""phone"", ""value"": ""+75 496566792"", ""confidence_score"": ""0.90""}]",,"```json
[
  {""label"": ""name"",    ""value"": ""Analy"",     ""confidence_score"": ""0.85""},
  {""label"": ""phone"",   ""value"": ""+75 496566792"", ""confidence_score"": ""0.90""}
]
```",1
Tussen gezondheidsinstellingen en technologie: voorwaarde FACT-201710-6501 om 10 te beschermen.,1,0.85,1,"[{""label"": ""license"", ""value"": ""FACT-201710-6501"", ""confidence_score"": ""0.85""}]",,"```json
[
  {""label"": ""license"", ""value"": ""FACT-201710-6501"", ""confidence_score"": ""0.85""}
]
```",1
"Ciao, lavoro come psicoterapeuta senza contatto. Trovo il tuo approccio interessante. Mi puoi inviare documentazione a quest'IP [IPV6_7]?",1,0.85,1,"[{""label"": ""ip_address"", ""value"": ""IPV6_7"", ""confidence_score"": ""0.85""}]",,"```json
[
  {""label"": ""ip_address"", ""value"": ""IPV6_7"", ""confidence_score"": ""0.85""}
]
```",0
"Beste Abrhaley, Uw socialezekerheidsnummer 769793891 lijkt betrokken te zijn bij onrechtmatige activiteiten. Graag zo snel mogelijk actie ondernemen.",1,0.98,2,"[{""label"": ""name"", ""value"": ""Abrhaley"", ""confidence_score"": ""0.85""}, {""label"": ""ssn"", ""value"": ""769793891"", ""confidence_score"": ""0.98""}]",,"```json
[
  {""label"": ""name"", ""value"": ""Abrhaley"", ""confidence_score"": ""0.85""},
  {""label"": ""ssn"", ""value"": ""769793891"", ""confidence_score"": ""0.98""}
]
```",1
The report from Tinkl is missing a vital piece of information: their BIT address 3SQfdrV2VApklbgU910XqYakpztEx7ZFNh. Please obtain it.,1,0.9,1,"[{""label"": ""url"", ""value"": ""3SQfdrV2VApklbgU910XqYakpztEx7ZFNh"", ""confidence_score"": ""0.90""}]",,"```json
[
  {""label"": ""url"", ""value"": ""3SQfdrV2VApklbgU910XqYakpztEx7ZFNh"", ""confidence_score"": ""0.90""}
]
```",1
<html><body><p>Revisione settimanale delle attività</p><p>Tempo previsto: 2 ore</p><p>URL del progetto: http://www.filangieri.it/</p><p>Sesso: M</p></body></html>,1,0.98,1,"[{""label"": ""url"", ""value"": ""http://www.filangieri.it/"", ""confidence_score"": ""0.98""}]",,"```json
[
  {""label"": ""url"", ""value"": ""http://www.filangieri.it/"", ""confidence_score"": ""0.98""}
]
```",0
<html><body><p>Analisi conflitti aziendali: Controversia tra indirizzi Litecoin LHAA8JTwTBvDLQHXmq9ZFhv1EtLMBtcVpf e LHAA8JTwTBvDLQHXmq9ZFhv1EtLMBtcVpf. Numero licenza conducente coinvolto: 8503703105. Metodo di risoluzione ottimale raccomandato: Mediazione.</p></body></html>,1,0.9,1,"[{""label"": ""license"", ""value"": ""8503703105"", ""confidence_score"": ""0.90""}]",,"```json
[
  {""label"": ""license"", ""value"": ""8503703105"", ""confidence_score"": ""0.90""}
]
```",1
"Hola, necesitamos tu dirección de Litecoin: Lp7X7pCtFgAJEQniWj3CwNpETJzSnIqyRV para el proyecto.",1,0.85,1,"[{""label"": ""address"", ""value"": ""Lp7X7pCtFgAJEQniWj3CwNpETJzSnIqyRV"", ""confidence_score"": ""0.85""}]",,"```json
[
  {""label"": ""address"", ""value"": ""Lp7X7pCtFgAJEQniWj3CwNpETJzSnIqyRV"", ""confidence_score"": ""0.85""}
]
```",0
Ciao a tutti! Ho appena letto che Bernardi-Pometta Group ha una nuova piattaforma VR per l'apprendimento. Potrebbe davvero rivoluzionare il settore!,0,0.0,0,[],,"```json
[]
```",0
"Je nieuwe coördinaten zijn [52.3, 5.632], gebruikt voor het inplannen van een sessie.",0,0.0,0,[],,"```json
[]
```",0
"<!DOCTYPE html>
<html>
  <body>
    <p>Huidige positieve ervaringen kunnen helpen uw algehele geestelijke gezondheid te verbeteren.</p>
    <p>Neem een korte boekhouding van uw financiën: 5336933656746970, 0.11m.</p>
    <p>Dank u wel voor uw inspanning!</p>
  </body>
</html>",1,0.99,1,"[{""label"": ""credit_card"", ""value"": ""5336933656746970"", ""confidence_score"": ""0.99""}]",,"```json
[
  {""label"": ""credit_card"", ""value"": ""5336933656746970"", ""confidence_score"": ""0.99""}
]
```",1
"Contratto di prestito stipulato tra Dorjee e Dorjee, residenti a Orzinuovi. Il prestito sarà garantito da collaterale situato in 25. Tutti i pagamenti saranno effettuati tramite IBAN ITD3680460197D752592953469.",1,0.95,3,"[{""label"": ""name"", ""value"": ""Dorjee"", ""confidence_score"": ""0.85""}, {""label"": ""address"", ""value"": ""Orzinuovi"", ""confidence_score"": ""0.80""}, {""label"": ""bank_account"", ""value"": ""ITD3680460197D752592953469"", ""confidence_score"": ""0.95""}]",,"```json
[
  {""label"": ""name"",    ""value"": ""Dorjee"",     ""confidence_score"": ""0.85""},
  {""label"": ""address"", ""value"": ""Orzinuovi"",  ""confidence_score"": ""0.80""},
  {""label"": ""bank_account"", ""value"": ""ITD3680460197D752592953469"", ""confidence_score"": ""0.95""}
]
```",1
Ich sollte bei Schäfer LLC anrufen. Weißt du die Nummer?,0,0.0,0,[],,"```json
[]
```
Explanation: The input text mentions ""Schäfer LLC,"" which could be a company name, but it does not provide any specific personally identifiable information such as names, phone numbers, addresses, or other sensitive data. Therefore, no PII is detected in this context.",0
"Gibt es eine Verbindung zwischen Impfungen und SIDS? Einige Internetforen vermuten dies, aber ich weiß es nicht genau. Mobiltelefon-ID: 421240683020203",1,0.85,1,"[{""label"": ""phone"", ""value"": ""421240683020203"", ""confidence_score"": ""0.85""}]",,"```json
[
  {""label"": ""phone"", ""value"": ""421240683020203"", ""confidence_score"": ""0.85""}
]
```",0
"Salut, j'ai une mise à jour sur le solde de notre compte légal. Le nouveau solde est de 0.37m.",0,0.0,0,[],,"```json
[]
```
The input text does not contain any specific personally identifiable information (PII) as defined by the allowed labels. It mentions a legal account balance update but lacks details like names, addresses, phone numbers, or other PII identifiers. Therefore, no PII is detected in this context.",0
"Salve Mamer, verifica il tuo IP [IPV6_4] per validare la transazione al 27.",1,0.85,1,"[{""label"": ""ip_address"", ""value"": ""[IPV6_4]"", ""confidence_score"": ""0.85""}]",,"```json
[
  {""label"": ""ip_address"", ""value"": ""[IPV6_4]"", ""confidence_score"": ""0.85""}
]
```",1
"Dag Vastrentende Obligatie, controleer je laatste medicijnvoorschrift op AAWRUS1YU7E om er zeker van te zijn dat alles klopt.",1,0.85,1,"[{""label"": ""url"", ""value"": ""AAWRUS1YU7E"", ""confidence_score"": ""0.85""}]",,"```json
[
  {""label"": ""url"", ""value"": ""AAWRUS1YU7E"", ""confidence_score"": ""0.85""}
]
```",0
"Cher Docteure Semanas-Gillet, utilisez l'OTP 0982 7. pour accéder au compte en ligne.",1,0.85,1,"[{""label"": ""name"", ""value"": ""Cher Docteure Semanas-Gillet"", ""confidence_score"": ""0.85""}]",,"```json
[
  {""label"": ""name"", ""value"": ""Cher Docteure Semanas-Gillet"", ""confidence_score"": ""0.85""}
]
```",1
<p>Nome: 7244899</p><p>Ethereum Address: 0x1bf055c5f22711f478ec3af7199f19c8998b9264</p><p>Impatto: Buon contributo all'ambiente di lavoro. Aree di miglioramento: adattamento ai cambiamenti.</p><p>Obiettivi Futuri: Workshop su flessibilità e adattabilità.</p>,0,0.0,0,[],,"```json
[]
```
Explanation:
- The text contains a ""Nome"" with the value ""7244899"", which appears to be an identifier but does not fit any of the allowed PII labels.
- The Ethereum address is not considered PII under the provided labels.
- No other identifiable information such as name, email, phone, etc., is present in the text.",0
"Beste Mw, ik ben bang dat mijn symptomen erger worden. Kunnen we mijn therapie aanpassen? Mijn ID nummer is UF594955K10.",1,0.9,1,"[{""label"": ""national_id"", ""value"": ""UF594955K10"", ""confidence_score"": ""0.90""}]",,"```json
[
  {""label"": ""national_id"", ""value"": ""UF594955K10"", ""confidence_score"": ""0.90""}
]
```",0
Piano completo con accesso tramite 6224432549787049 e monitoraggio diretto dall'account 342522219731821.,1,0.98,2,"[{""label"": ""credit_card"", ""value"": ""6224432549787049"", ""confidence_score"": ""0.98""}, {""label"": ""bank_account"", ""value"": ""342522219731821"", ""confidence_score"": ""0.95""}]",,"```json
[
  {""label"": ""credit_card"", ""value"": ""6224432549787049"", ""confidence_score"": ""0.98""},
  {""label"": ""bank_account"", ""value"": ""342522219731821"", ""confidence_score"": ""0.95""}
]
```",1
Età: 51. Valutazione di performance per Mennan: ottime capacità di analisi in Servizio Clienti. Si consiglia di migliorare nella gestione del tempo. Obiettivi: completare il corso di time management entro febbraio/88. Numero di patente: 9383243289.,1,0.9,3,"[{""label"": ""dob"", ""value"": ""51"", ""confidence_score"": ""0.60""}, {""label"": ""name"", ""value"": ""Mennan"", ""confidence_score"": ""0.85""}, {""label"": ""license"", ""value"": ""9383243289"", ""confidence_score"": ""0.90""}]",,"```json
[
  {""label"": ""dob"",     ""value"": ""51"",        ""confidence_score"": ""0.60""},
  {""label"": ""name"",    ""value"": ""Mennan"",    ""confidence_score"": ""0.85""},
  {""label"": ""license"", ""value"": ""9383243289"",""confidence_score"": ""0.90""}
]
```",1
"Bonjour Guihard, besoin d'un retour rapide sur les révisions légales de BFC. On doit en parler avant 16.",1,0.85,1,"[{""label"": ""name"", ""value"": ""Guihard"", ""confidence_score"": ""0.85""}]",,"```json
[
  {""label"": ""name"", ""value"": ""Guihard"", ""confidence_score"": ""0.85""}
]
```",1
Contactez l'organisation via Credit Suisse Group AG pour des fonds.,0,0.0,0,[],,"```json
[]
```",0
"Dag hasija, vergeet niet 532166712741480 mee te nemen naar je immunisatie in Castricum op 1e juni 2020.",1,0.9,1,"[{""label"": ""passport"", ""value"": ""532166712741480"", ""confidence_score"": ""0.90""}]",,"```json
[
  {""label"": ""passport"", ""value"": ""532166712741480"", ""confidence_score"": ""0.90""}
]
```",1
"<p>Uw telefoon IMEI is 513130846227457, onthoud dit nummer in geval van verlies.</p>",1,0.85,1,"[{""label"": ""phone"", ""value"": ""513130846227457"", ""confidence_score"": ""0.85""}]",,"```json
[
  {""label"": ""phone"", ""value"": ""513130846227457"", ""confidence_score"": ""0.85""}
]
```",0
<p>Educational Plan Date: 2021-10-28T00:00:00</p><p>ID Code: ER87326RQ</p><p>Subject Area: Music Therapy</p><p>Guardian Contact: (59)-8951.2224</p><p>Address: 150 East Lane</p>,1,0.85,2,"[{""label"": ""phone"", ""value"": ""(59)-8951.2224"", ""confidence_score"": ""0.85""}, {""label"": ""address"", ""value"": ""150 East Lane"", ""confidence_score"": ""0.70""}]",,"```json
[
  {""label"": ""phone"",   ""value"": ""(59)-8951.2224"",    ""confidence_score"": ""0.85""},
  {""label"": ""address"", ""value"": ""150 East Lane"",     ""confidence_score"": ""0.70""}
]
```",1
<p>Medicijnbeheer en therapiepraktijken consistent houden via wekelijkse afspraken. Gebruik veilig wachtwoord C6k( voor toegang tot behandeltermijnsstudies.</p>,0,0.0,0,[],,"```json
[]
```
Explanation: The input text does not contain any specific personal information such as names, addresses, phone numbers, emails, or other identifiers that match the allowed labels. It mentions general practices and a password format but does not provide actual PII data.",1
The SE. wing has seen positive feedback from stakeholders. Full report accessible via uthayathomä@aol.com. Next update on 21/01/2017.,1,0.99,1,"[{""label"": ""email"", ""value"": ""uthayathomä@aol.com"", ""confidence_score"": ""0.99""}]",,"```json
[
  {""label"": ""email"", ""value"": ""uthayathomä@aol.com"", ""confidence_score"": ""0.99""}
]
```",1
"Hallo Männlich, O. veröffentlichte eine hohe Zahl von Rückfällen. Prüfen Sie bitte die Datenbank mit der Nummer RECHN-201910-9128.",1,0.85,1,"[{""label"": ""name"", ""value"": ""Männlich, O."", ""confidence_score"": ""0.85""}]",,"```json
[
  {""label"": ""name"", ""value"": ""Männlich, O."", ""confidence_score"": ""0.85""}
]
```",0
"Hey pashtana22, I need your EA2DVV5H99RBS79GZ for the update. Also, confirm your May/94 of registration.",1,0.9,3,"[{""label"": ""username"", ""value"": ""pashtana22"", ""confidence_score"": ""0.90""}, {""label"": ""tax_id"", ""value"": ""EA2DVV5H99RBS79GZ"", ""confidence_score"": ""0.85""}, {""label"": ""dob"", ""value"": ""May/94"", ""confidence_score"": ""0.80""}]",,"```json
[
  {""label"": ""username"", ""value"": ""pashtana22"", ""confidence_score"": ""0.90""},
  {""label"": ""tax_id"", ""value"": ""EA2DVV5H99RBS79GZ"", ""confidence_score"": ""0.85""},
  {""label"": ""dob"", ""value"": ""May/94"", ""confidence_score"": ""0.80""}
]
```",1
Schema terapeutico. Dettagli cliente: Senatore Heric.<br>Paese: CH.<br>Accesso sicurezza: password !4Ut.<br>,1,0.85,1,"[{""label"": ""name"", ""value"": ""Senatore Heric"", ""confidence_score"": ""0.85""}]",,"```json
[
  {""label"": ""name"", ""value"": ""Senatore Heric"", ""confidence_score"": ""0.85""}
]
```",1
"<p>Datum: September/37</p><p>Vorname: Ture</p><p>Ziel ist es, durch gezielte Maßnahmen und Aktivitäten die Sprachfähigkeiten zu stärken. Kfz-Identifikationsnummer: VTFAFEN4XN1NF3A96</p>",1,0.95,3,"[{""label"": ""dob"", ""value"": ""September/37"", ""confidence_score"": ""0.85""}, {""label"": ""name"", ""value"": ""Ture"", ""confidence_score"": ""0.90""}, {""label"": ""license"", ""value"": ""VTFAFEN4XN1NF3A96"", ""confidence_score"": ""0.95""}]",,"```json
[
  {""label"": ""dob"", ""value"": ""September/37"", ""confidence_score"": ""0.85""},
  {""label"": ""name"", ""value"": ""Ture"", ""confidence_score"": ""0.90""},
  {""label"": ""license"", ""value"": ""VTFAFEN4XN1NF3A96"", ""confidence_score"": ""0.95""}
]
```",1
Hai perso il link del tuo test psicologico? Eccolo di nuovo: http://moccia.net/.,1,0.98,1,"[{""label"": ""url"", ""value"": ""http://moccia.net/"", ""confidence_score"": ""0.98""}]",,"```json
[
  {""label"": ""url"", ""value"": ""http://moccia.net/"", ""confidence_score"": ""0.98""}
]
```",0
2. Form   Antitrust Compliance Form   Données:<br>Nom: [null].<br>Organisation: Romanens Cretton Sàrl..<br>Date de naissance: mars/00.<br>Numéro de passeport: Q1145266.<br>Montant: 422586.<br>Numéro MAC: ec:73:2e:02:6e:0c.,1,0.98,1,"[{""label"": ""passport"", ""value"": ""Q1145266"", ""confidence_score"": ""0.98""}]",,"```json
[
  {""label"": ""passport"", ""value"": ""Q1145266"", ""confidence_score"": ""0.98""}
]
```",1
Bitte senden Sie uns die bisherigen ADHS-Medikamentenkosten bis September/95 an https://www.hoffmann.com/.,0,0.0,0,[],,"```json
[]
```
The input text does not contain any personally identifiable information (PII) as per the allowed labels. It mentions a URL but does not include specific PII such as names, email addresses, phone numbers, etc., that match the defined categories. The URL itself is not considered PII in this context without additional identifying details.",0
"Salut, confirmation requise pour 3324647182232.",1,0.9,1,"[{""label"": ""credit_card"", ""value"": ""3324647182232"", ""confidence_score"": ""0.90""}]",,"```json
[
  {""label"": ""credit_card"", ""value"": ""3324647182232"", ""confidence_score"": ""0.90""}
]
```",1
"Unser Ziel ist es, die Gemeinschaft durch Umweltprojekte zu stärken. Für mehr Details über unsere Programmkomponenten wenden Sie sich an Senator unter der Sozialversicherungsnummer 64-23-01-74-N77-5.",1,0.98,1,"[{""label"": ""ssn"", ""value"": ""64-23-01-74-N77-5"", ""confidence_score"": ""0.98""}]",,"```json
[
  {""label"": ""ssn"", ""value"": ""64-23-01-74-N77-5"", ""confidence_score"": ""0.98""}
]
```",1
"Basale gegevens:
Naam: null
Leeftijd: 64
Telefoonnummer: +31-746-776-3996
Sociale nummer: 467296051

Evaluatiescore:
Stemmingsstoornissen: ja/nee
Behandelingsnoden:
Verder psychiatrisch onderzoek nodig: ja/nee

Extra Informatie:
Creditcard nummer ter verificatie: 36041305211076
Gebouwnummer: 5",1,0.98,3,"[{""label"": ""phone"", ""value"": ""+31-746-776-3996"", ""confidence_score"": ""0.98""}, {""label"": ""ssn"", ""value"": ""467296051"", ""confidence_score"": ""0.90""}, {""label"": ""credit_card"", ""value"": ""36041305211076"", ""confidence_score"": ""0.95""}]",,"```json
[
  {""label"": ""phone"",   ""value"": ""+31-746-776-3996"",    ""confidence_score"": ""0.98""},
  {""label"": ""ssn"",     ""value"": ""467296051"",            ""confidence_score"": ""0.90""},
  {""label"": ""credit_card"", ""value"": ""36041305211076"",   ""confidence_score"": ""0.95""}
]
```",1
"<html>
<body>
<strong>Stakeholder-Engagement-Plan</strong><br>
Projektförderung durch Schenk-Leu sicherstellen. Zahlungsinformationen über 5196478899977993 um 10 bestätigen. Rückfragen an Bürgermeisterin Cairola.</body>
</html>
",1,0.98,1,"[{""label"": ""credit_card"", ""value"": ""5196478899977993"", ""confidence_score"": ""0.98""}]",,"```json
[
  {""label"": ""credit_card"", ""value"": ""5196478899977993"", ""confidence_score"": ""0.98""}
]
```",1
"Entro 9º aprile 2032, inviare le prove del modulo di educazione a 68leokreil@aol.com e 68leokreil@aol.com. Aggiornare il documento con ID X9598122. Usare l'indirizzo IP [IPV4_1] per ottenere i materiali didattici necessari.",1,0.98,3,"[{""label"": ""email"", ""value"": ""68leokreil@aol.com"", ""confidence_score"": ""0.98""}, {""label"": ""email"", ""value"": ""68leokreil@aol.com"", ""confidence_score"": ""0.98""}, {""label"": ""ip_address"", ""value"": ""[IPV4_1]"", ""confidence_score"": ""0.85""}]",,"```json
[
  {""label"": ""email"", ""value"": ""68leokreil@aol.com"", ""confidence_score"": ""0.98""},
  {""label"": ""email"", ""value"": ""68leokreil@aol.com"", ""confidence_score"": ""0.98""},
  {""label"": ""ip_address"", ""value"": ""[IPV4_1]"", ""confidence_score"": ""0.85""}
]
```",1
Rechtliche Bewertung von Versicherungskunden nach Geschlecht Nicht-binär. Weitere Informationen finden Sie im Dokument REF-201903-1889.,0,0.0,0,[],,"```json
[]
```
The input text does not contain any personally identifiable information (PII) as defined by the allowed labels. The reference number ""REF-201903-1889"" is not categorized under any of the specified PII types such as name, email, phone, etc.",0
"Salut Manoochehr, regarde cette incohérence dans les documents de l'utilisateur REF-201411-5597 avec un genre Homme.",1,0.85,1,"[{""label"": ""name"", ""value"": ""Manoochehr"", ""confidence_score"": ""0.85""}]",,"```json
[
  {""label"": ""name"", ""value"": ""Manoochehr"", ""confidence_score"": ""0.85""}
]
```",1
"<label for=""socialnum_2"">Numero di previdenza sociale:</label><input type=""text"" id=""socialnum_2"" name=""socialnum"" value=""756-5722-2645-14""><br><label for=""country_2"">Paese:</label><input type=""text"" id=""country_2"" name=""country"" value=""Schweiz""><br>",1,0.98,1,"[{""label"": ""ssn"", ""value"": ""756-5722-2645-14"", ""confidence_score"": ""0.98""}]",,"```json
[
  {""label"": ""ssn"", ""value"": ""756-5722-2645-14"", ""confidence_score"": ""0.98""}
]
```",1
"Hi, please review the peiboesel@tutanota.com blast for our anxiety management course draft. Feedback needed by 5:55 AM.",1,0.99,1,"[{""label"": ""email"", ""value"": ""peiboesel@tutanota.com"", ""confidence_score"": ""0.99""}]",,"```json
[
  {""label"": ""email"", ""value"": ""peiboesel@tutanota.com"", ""confidence_score"": ""0.99""}
]
```",1
Sicurezza sui pagamenti garantita con DCI. Codice cliente U+[Fcx2].,0,0.0,0,[],,"```json
[]
```",1
"<p>Para mejorar la competencia cultural, revisa los estudios en el portal https://banca.es/. Los resultados se cotejarán con el número de pasaporte VKU193776. Agradecemos que nos proportions tu altura 154 cm también para el análisis.</p>",1,0.98,2,"[{""label"": ""url"", ""value"": ""https://banca.es/"", ""confidence_score"": ""0.98""}, {""label"": ""passport"", ""value"": ""VKU193776"", ""confidence_score"": ""0.95""}]",,"```json
[
  {""label"": ""url"",     ""value"": ""https://banca.es/"",    ""confidence_score"": ""0.98""},
  {""label"": ""passport"",""value"": ""VKU193776"",            ""confidence_score"": ""0.95""}
]
```",0
"Session summary for Mrs Vazdautan, residing in 1261 Chalet 258, indicates heightened anxieties due to body dysmorphia. Documentation since 2065-09-26T00:00:00 necessitates clarity around LOVA20828080 and ETH holdings 0xc495fcc58edea9f44327d50b58f6d96b48a6b606.",1,0.9,3,"[{""label"": ""name"", ""value"": ""Mrs Vazdautan"", ""confidence_score"": ""0.85""}, {""label"": ""address"", ""value"": ""1261 Chalet 258"", ""confidence_score"": ""0.80""}, {""label"": ""dob"", ""value"": ""2065-09-26T00:00:00"", ""confidence_score"": ""0.90""}]",,"```json
[
  {""label"": ""name"",    ""value"": ""Mrs Vazdautan"",   ""confidence_score"": ""0.85""},
  {""label"": ""address"", ""value"": ""1261 Chalet 258"", ""confidence_score"": ""0.80""},
  {""label"": ""dob"",     ""value"": ""2065-09-26T00:00:00"", ""confidence_score"": ""0.90""}
]
```",1
"Dear Athlete Mariona,<br><br>Your Anti-Doping waiver, Policy Number DESCHWANDEN.340917.EN, has been approved. Verified with ID Card Number CH09947GO, Driver’s License MARIO 406064 9 891 and monitored IP: [IPV4_14].<br><br>Best,<br>United Kingdom Anti-Doping Commission",1,0.9,4,"[{""label"": ""name"", ""value"": ""Mariona"", ""confidence_score"": ""0.85""}, {""label"": ""national_id"", ""value"": ""CH09947GO"", ""confidence_score"": ""0.90""}, {""label"": ""license"", ""value"": ""MARIO 406064 9 891"", ""confidence_score"": ""0.80""}, {""label"": ""ip_address"", ""value"": ""[IPV4_14]"", ""confidence_score"": ""0.75""}]",,"```json
[
  {""label"": ""name"",    ""value"": ""Mariona"",   ""confidence_score"": ""0.85""},
  {""label"": ""national_id"", ""value"": ""CH09947GO"", ""confidence_score"": ""0.90""},
  {""label"": ""license"", ""value"": ""MARIO 406064 9 891"", ""confidence_score"": ""0.80""},
  {""label"": ""ip_address"", ""value"": ""[IPV4_14]"", ""confidence_score"": ""0.75""}
]
```",1
"<html><body>Notable trend identified: From February/88, males (Feminine aged 30-40 faced highest premium hikes. Tagged for policy reevaluation: Saniya Ribul hxnxlzbdoe006221@outlook.com.</body></html>",1,0.98,1,"[{""label"": ""email"", ""value"": ""hxnxlzbdoe006221@outlook.com"", ""confidence_score"": ""0.98""}]",,"```json
[
  {""label"": ""email"", ""value"": ""hxnxlzbdoe006221@outlook.com"", ""confidence_score"": ""0.98""}
]
```",1
Alert: Your MAC address 66:aa:36:fc:a1:5d was detected. Confirm your identity using 333-28-1779 to avoid suspension.,1,0.98,2,"[{""label"": ""ip_address"", ""value"": ""66:aa:36:fc:a1:5d"", ""confidence_score"": ""0.90""}, {""label"": ""ssn"", ""value"": ""333-28-1779"", ""confidence_score"": ""0.98""}]",,"```json
[
  {""label"": ""ip_address"", ""value"": ""66:aa:36:fc:a1:5d"", ""confidence_score"": ""0.90""},
  {""label"": ""ssn"",         ""value"": ""333-28-1779"",    ""confidence_score"": ""0.98""}
]
```",1
Le tournoi en ligne approche ! N'oublie pas ta carte bancaire 8238919429393847 et mets à jour ton adresse 3jLfDQuJTfrq8SLUHy1UTN8IMu2k7UB5Rv.,1,0.99,2,"[{""label"": ""credit_card"", ""value"": ""8238919429393847"", ""confidence_score"": ""0.99""}, {""label"": ""address"", ""value"": ""3jLfDQuJTfrq8SLUHy1UTN8IMu2k7UB5Rv"", ""confidence_score"": ""0.85""}]",,"```json
[
  {""label"": ""credit_card"", ""value"": ""8238919429393847"", ""confidence_score"": ""0.99""},
  {""label"": ""address"", ""value"": ""3jLfDQuJTfrq8SLUHy1UTN8IMu2k7UB5Rv"", ""confidence_score"": ""0.85""}
]
```",1
<p>Il nostro nuovo accordo collettivo riguarda i lavoratori di Köniz. Il salario mensile per il dipendente di Ingegneria sarà 15.9663b. Abbiamo concordato un nuovo bilanciamento del budget di 0.078m. Controllare il documento e la bozza del piano. Password per accesso: 4=Wk0pQ.</p>,1,0.9,1,"[{""label"": ""password"", ""value"": ""4=Wk0pQ"", ""confidence_score"": ""0.90""}]",,"```json
[
  {""label"": ""password"", ""value"": ""4=Wk0pQ"", ""confidence_score"": ""0.90""}
]
```",1
"Notata abrasione dentale, proposta soluzione conservativa. Costo previsto 262,285.75, link per further informazioni: https://bowman-dean.biz/.",1,0.98,1,"[{""label"": ""url"", ""value"": ""https://bowman-dean.biz/"", ""confidence_score"": ""0.98""}]",,"```json
[
  {""label"": ""url"", ""value"": ""https://bowman-dean.biz/"", ""confidence_score"": ""0.98""}
]
```",0
"Salut niaz2019, peux-tu me dire si le rendez-vous pour l'imagerie médical est toujours prévu pour le mars 22, 2012 à 04:06 ? N'oublie pas d'apporter ta carte avec l'IBAN FR69 R430 69CM 2772 2425 7649 5. Merci !",1,0.95,4,"[{""label"": ""username"", ""value"": ""niaz2019"", ""confidence_score"": ""0.90""}, {""label"": ""date"", ""value"": ""mars 22, 2012"", ""confidence_score"": ""0.85""}, {""label"": ""time"", ""value"": ""04:06"", ""confidence_score"": ""0.80""}, {""label"": ""bank_account"", ""value"": ""FR69 R430 69CM 2772 2425 7649 5"", ""confidence_score"": ""0.95""}]",,"```json
[
  {""label"": ""username"",    ""value"": ""niaz2019"",    ""confidence_score"": ""0.90""},
  {""label"": ""date"",        ""value"": ""mars 22, 2012"", ""confidence_score"": ""0.85""},
  {""label"": ""time"",        ""value"": ""04:06"",        ""confidence_score"": ""0.80""},
  {""label"": ""bank_account"", ""value"": ""FR69 R430 69CM 2772 2425 7649 5"", ""confidence_score"": ""0.95""}
]
```",1
"Guten Morgen Shoory, wir brauchen eine schnelle Budgetübersicht für Bolligen. BIC (GHEAUSNP) und aktuelle Pläne auf https://www.beck-hasler.com/ hochladen.",1,0.9,2,"[{""label"": ""url"", ""value"": ""https://www.beck-hasler.com/"", ""confidence_score"": ""0.90""}, {""label"": ""routing_number"", ""value"": ""GHEAUSNP"", ""confidence_score"": ""0.85""}]",,"```json
[
  {""label"": ""url"", ""value"": ""https://www.beck-hasler.com/"", ""confidence_score"": ""0.90""},
  {""label"": ""routing_number"", ""value"": ""GHEAUSNP"", ""confidence_score"": ""0.85""}
]
```",1
Kannst du bitte die IP-Adressen [IPV4_1] und [IPV6_1] prüfen? Wir brauchen eine schnelle Lösung.,0,0.0,0,[],,"```json
[]
```
(Note: The input text contains placeholders for IP addresses, not actual IP address values. Therefore, no PII is detected.)",0
<html><body>United States public health monitoring. Submit corrections to 70soenke@hotmail.com. Prepare reports as per Kola's guidelines.</body></html>,1,0.98,1,"[{""label"": ""email"", ""value"": ""70soenke@hotmail.com"", ""confidence_score"": ""0.98""}]",,"```json
[
  {""label"": ""email"", ""value"": ""70soenke@hotmail.com"", ""confidence_score"": ""0.98""}
]
```",1
"Demande d'assistance pour l'étudiant Mapondera
Statut de crédit: 487
Numéro de police: CHFR-PLI-5203
IPV4: [IPV4_2]
Date d'émission: juin 5, 2008
",1,0.85,2,"[{""label"": ""name"", ""value"": ""Mapondera"", ""confidence_score"": ""0.85""}, {""label"": ""credit_card"", ""value"": ""487"", ""confidence_score"": ""0.60""}]",,"```json
[
  {""label"": ""name"",    ""value"": ""Mapondera"",   ""confidence_score"": ""0.85""},
  {""label"": ""credit_card"", ""value"": ""487"",       ""confidence_score"": ""0.60""}
]
```",1
DOCSIDS Präventionsprotokoll | Festlegung der Standardarbeitsanweisungen und -richtlinien zur Verhinderung von SIDS in verschiedenen Umgebungen. | HTML | Einhaltung von Testzeiten um 3h sicherstellen.,0,0.0,0,[],,"```json
[]
```",0
"Hola Gjejlone, envíanos la fecha de caducidad de tu tarjeta [CREDITCARDEXPIRYCREDITCARDCVV_1] y el IMEI de tu teléfono [PHONEIMEI_1].",1,0.85,2,"[{""label"": ""credit_card"", ""value"": ""[CREDITCARDEXPIRYCREDITCARDCVV_1]"", ""confidence_score"": ""0.85""}, {""label"": ""phone"", ""value"": ""[PHONEIMEI_1]"", ""confidence_score"": ""0.80""}]",,"```json
[
  {""label"": ""credit_card"", ""value"": ""[CREDITCARDEXPIRYCREDITCARDCVV_1]"", ""confidence_score"": ""0.85""},
  {""label"": ""phone"",       ""value"": ""[PHONEIMEI_1]"",           ""confidence_score"": ""0.80""}
]
```",1
"Nome: Luina
Cognome: Kalous
Indirizzo email: LK1989@hotmail.com
Stipendio: 0.103m EUR
BIC: PCKQUSH1
Data di registrazione: 2045-11-14T00:00:00
CAP: 36050
MAC Address: 7a:f0:2d:70:88:fc
Altezza: 189 cm cm",1,0.98,2,"[{""label"": ""name"", ""value"": ""Luina Kalous"", ""confidence_score"": ""0.90""}, {""label"": ""email"", ""value"": ""LK1989@hotmail.com"", ""confidence_score"": ""0.98""}]",,"```json
[
  {""label"": ""name"",    ""value"": ""Luina Kalous"",   ""confidence_score"": ""0.90""},
  {""label"": ""email"",   ""value"": ""LK1989@hotmail.com"", ""confidence_score"": ""0.98""}
]
```",1
<p>ID : COM-201101-2933</p> <p>Progrès satisfaisants à 3h. Suite recommandée aux consignes par Juridique.</p> <p>URL: <a href='https://www.barbe.com/'>https://www.barbe.com/</a></p>,1,0.99,1,"[{""label"": ""url"", ""value"": ""https://www.barbe.com/"", ""confidence_score"": ""0.99""}]",,"```json
[
  {""label"": ""url"", ""value"": ""https://www.barbe.com/"", ""confidence_score"": ""0.99""}
]
```",0
"Die neue Mozilla/5.0 (X11; Linux i686; rv:1.9.7.20) Gecko/8437-05-30 02:21:22.473145 Firefox/3.8 funktioniert nicht wie gewünscht, brauche Hilfe.",0,0.0,0,[],,"```json
[]
```",0
Hi! Your course schedule for Project Management is live. Check http://www.martinez.com/.,0,0.0,0,[],,"```json
[]
```",0
"Ciao MB, aggiornami sull'ultimo report balance (0.7625m) al più presto. Grazie!",0,0.0,0,[],,"```json
[]
```
The input text does not contain any personally identifiable information based on the allowed labels provided. It mentions a financial figure but lacks context to be considered PII like an account number or similar sensitive data. The names and terms used are generic and do not provide specific personal identifiers.",1
"Beste Baron Macerola, we hebben de informatie van Shanghai Pudong Development Bank ontvangen. Kun je controleren of alles correct is ingevuld?",1,0.85,1,"[{""label"": ""name"", ""value"": ""Baron Macerola"", ""confidence_score"": ""0.85""}]",,"```json
[
  {""label"": ""name"", ""value"": ""Baron Macerola"", ""confidence_score"": ""0.85""}
]
```",1
Parent’s Email: kdqmgtjnmgxosht90@hotmail.com<br>Height: 195 cm<br>ID: FG72394HB<br>Child’s Gender: Male<br>Parent: Retirement Account 40<br>Consent to your child’s hearing screening by signing this form.,1,0.99,1,"[{""label"": ""email"", ""value"": ""kdqmgtjnmgxosht90@hotmail.com"", ""confidence_score"": ""0.99""}]",,"```json
[
  {""label"": ""email"", ""value"": ""kdqmgtjnmgxosht90@hotmail.com"", ""confidence_score"": ""0.99""}
]
```",1
"Hello Madame Overtoom, we've received your new contact +1 77.808.2860. Call for any changes.",1,0.98,1,"[{""label"": ""phone"", ""value"": ""+1 77.808.2860"", ""confidence_score"": ""0.98""}]",,"```json
[
  {""label"": ""phone"", ""value"": ""+1 77.808.2860"", ""confidence_score"": ""0.98""}
]
```",1
"<p><strong>2. Child Development Assessment:</strong> On February/37, assessment of cognitive, language skills. Identifiers included: SIVA9-502257-SM-025, Dorm 623, and 83833.58643. Recommendations for early intervention services.</p>",1,0.85,3,"[{""label"": ""mrn"", ""value"": ""SIVA9-502257-SM-025"", ""confidence_score"": ""0.85""}, {""label"": ""address"", ""value"": ""Dorm 623"", ""confidence_score"": ""0.70""}, {""label"": ""ip_address"", ""value"": ""83833.58643"", ""confidence_score"": ""0.60""}]",,"```json
[
  {""label"": ""mrn"", ""value"": ""SIVA9-502257-SM-025"", ""confidence_score"": ""0.85""},
  {""label"": ""address"", ""value"": ""Dorm 623"", ""confidence_score"": ""0.70""},
  {""label"": ""ip_address"", ""value"": ""83833.58643"", ""confidence_score"": ""0.60""}
]
```",1
Revisione dell'IEP per Hadzire necessaria su 25/05/1980. Upload nel server nazionale.,1,0.9,1,"[{""label"": ""dob"", ""value"": ""25/05/1980"", ""confidence_score"": ""0.90""}]",,"```json
[
  {""label"": ""dob"", ""value"": ""25/05/1980"", ""confidence_score"": ""0.90""}
]
```",1
Amazing read on how sunlight exposure influences sleep patterns: https://www.wheeler-roberts.net/,1,0.9,1,"[{""label"": ""url"", ""value"": ""https://www.wheeler-roberts.net/"", ""confidence_score"": ""0.90""}]",,"```json
[
  {""label"": ""url"", ""value"": ""https://www.wheeler-roberts.net/"", ""confidence_score"": ""0.90""}
]
```",0
"Buongiorno, il dispositivo con IMEI 677446608732225 necessita di verifica.",0,0.0,0,[],,"```json
[]
```
(Note: The input text contains an IMEI number, which is not part of the allowed labels for PII detection in this context.)",0
"Per favore, invia una copia del N8479643 del nuovo manager per la nostra documentazione.",1,0.9,1,"[{""label"": ""passport"", ""value"": ""N8479643"", ""confidence_score"": ""0.90""}]",,"```json
[
  {""label"": ""passport"", ""value"": ""N8479643"", ""confidence_score"": ""0.90""}
]
```",1
"Bonjour 12eronit.neiser, nous devons confirmer les informations financières avant le lancement du nouveau programme. Pouvez-vous vérifier le crédit avec 849 pour les bourses?",1,0.6,1,"[{""label"": ""credit_card"", ""value"": ""849"", ""confidence_score"": ""0.60""}]",,"```json
[
  {""label"": ""credit_card"", ""value"": ""849"", ""confidence_score"": ""0.60""}
]
```",1
"<p>The strategic outline for leadership goals also entails securing funds using GB18MUIUC7J2VER4TXKV55 by September 17th, 2002.</p>",1,0.9,1,"[{""label"": ""credit_card"", ""value"": ""GB18MUIUC7J2VER4TXKV55"", ""confidence_score"": ""0.90""}]",,"```json
[
  {""label"": ""credit_card"", ""value"": ""GB18MUIUC7J2VER4TXKV55"", ""confidence_score"": ""0.90""}
]
```",0
"It's not about others, it's about your journey, Dode.",1,0.6,1,"[{""label"": ""name"", ""value"": ""Dode"", ""confidence_score"": ""0.60""}]",,"```json
[
  {""label"": ""name"", ""value"": ""Dode"", ""confidence_score"": ""0.60""}
]
```",1
<p>Bericht zur Wettbewerbsfähigkeit im Hotelmanagement. Erstellt am 05/05/1999 durch Jäkel Hentschel KG. Ansprechpartner: 001.33 917-0165.</p>,1,0.85,1,"[{""label"": ""phone"", ""value"": ""001.33 917-0165"", ""confidence_score"": ""0.85""}]",,"```json
[
  {""label"": ""phone"", ""value"": ""001.33 917-0165"", ""confidence_score"": ""0.85""}
]
```",1
"TD Bank Group certifies product safety, Ref: 2281777890 in United States. Validate with diyora1952@gmail.com.",1,1.0,1,"[{""label"": ""email"", ""value"": ""diyora1952@gmail.com"", ""confidence_score"": ""1.00""}]",,"```json
[
  {""label"": ""email"", ""value"": ""diyora1952@gmail.com"", ""confidence_score"": ""1.00""}
]
```",1
"Salut, notre séance est à Sud-Ouest rue à Oftringen. Confirme ta présence.",0,0.0,0,[],,"```json
[]
```",1
Puoi parlare dei risvolti emotivi nello sviluppo dei bambini? Vedi allegato: indirizzo litecoin LriPsoVzqQpwKR0BRdSY4WwQze6cQmF4o0.,1,0.85,1,"[{""label"": ""address"", ""value"": ""LriPsoVzqQpwKR0BRdSY4WwQze6cQmF4o0"", ""confidence_score"": ""0.85""}]",,"```json
[
  {""label"": ""address"", ""value"": ""LriPsoVzqQpwKR0BRdSY4WwQze6cQmF4o0"", ""confidence_score"": ""0.85""}
]
```",0
<p>Modulo di Dichiarazione</p><p>Età: 61</p><p>Genere: Non-binario</p><p>Numero Conto: 0029350459654527241961</p><p>Banca: BPER Banca</p>,1,0.9,1,"[{""label"": ""bank_account"", ""value"": ""0029350459654527241961"", ""confidence_score"": ""0.90""}]",,"```json
[
  {""label"": ""bank_account"", ""value"": ""0029350459654527241961"", ""confidence_score"": ""0.90""}
]
```",1
<div>Zur Wahrung der Sicherheit müssen alle Gehaltsabrechnungen mit den aktuellen IBAN-Daten CH57353722595972419 übereinstimmen. Verantwortlich: Ouassila.</div>,1,0.98,2,"[{""label"": ""bank_account"", ""value"": ""CH57353722595972419"", ""confidence_score"": ""0.98""}, {""label"": ""name"", ""value"": ""Ouassila"", ""confidence_score"": ""0.85""}]",,"```json
[
  {""label"": ""bank_account"", ""value"": ""CH57353722595972419"", ""confidence_score"": ""0.98""},
  {""label"": ""name"",         ""value"": ""Ouassila"",        ""confidence_score"": ""0.85""}
]
```",1
" Salut F, t’as vu les nouvelles directives sur https://www.chenaux.ch/? Mon âge 84 pourrait jouer un rôle.",1,0.99,1,"[{""label"": ""url"", ""value"": ""https://www.chenaux.ch/"", ""confidence_score"": ""0.99""}]",,"```json
[
  {""label"": ""url"", ""value"": ""https://www.chenaux.ch/"", ""confidence_score"": ""0.99""}
]
```",0
"Salut Sen, pour le traitement ASD, nous devons verser un paiement via CH 9711 5339 3079 3879 9. Peux-vous fort l'envoyer à LtdFdOV6JRRqXrPkZ3317YPmAFBcxr8AN0 d'ici 21/06/2042? Merci bien.",1,0.98,2,"[{""label"": ""credit_card"", ""value"": ""9711 5339 3079 3879 9"", ""confidence_score"": ""0.98""}, {""label"": ""email"", ""value"": ""LtdFdOV6JRRqXrPkZ3317YPmAFBcxr8AN0"", ""confidence_score"": ""0.95""}]",,"```json
[
  {""label"": ""credit_card"", ""value"": ""9711 5339 3079 3879 9"", ""confidence_score"": ""0.98""},
  {""label"": ""email"",        ""value"": ""LtdFdOV6JRRqXrPkZ3317YPmAFBcxr8AN0"", ""confidence_score"": ""0.95""}
]
```",0
"Salve! Ho investito 160,488.68 su 0x71400da92e1d5229eb22db36e84697377dcec4ba ma nella nogoziaziome di carte di credito ci sono riscontrato questo valore di criptovalute di criptovaluta.",0,0.0,0,[],,"```json
[]
```
The input text does not contain any identifiable personally identifiable information (PII) based on the allowed labels. It mentions a cryptocurrency transaction but lacks specific details like names, addresses, or other PII elements from the provided list.",0
"Bonjour Guillabert, avez-vous besoin de l'adresse MAC f6:aa:54:02:ea:ae pour les données d'aujourd'hui ?",1,0.85,1,"[{""label"": ""name"", ""value"": ""Guillabert"", ""confidence_score"": ""0.85""}]",,"```json
[
  {""label"": ""name"", ""value"": ""Guillabert"", ""confidence_score"": ""0.85""}
]
```",1
"Discuss risk assessment during meeting on March 16th, 2015. Agenda includes review of Simpson Group's policies, March 16th, 2015 claims, and projected 71764United States Dollar losses.",0,0.0,0,[],,"```json
[]
```",0
<p>Merci de vérifier avec Banque Hottinger & Cie SA. Votre IBAN CH51688124793386357 est nécessaire pour les procédures administratives liées à nos recherches en rétention de mémoire.</p>,1,0.98,1,"[{""label"": ""bank_account"", ""value"": ""CH51688124793386357"", ""confidence_score"": ""0.98""}]",,"```json
[
  {""label"": ""bank_account"", ""value"": ""CH51688124793386357"", ""confidence_score"": ""0.98""}
]
```",0
"Moin 387, kannst du die neuesten Berichte (RECHN-201203-8838) für das Managementreview zusammenstellen?",0,0.0,0,[],,"```json
[]
```
The input text does not contain any identifiable personally identifiable information based on the allowed labels. The reference to ""Moin 387"" and ""RECHN-201203-8838"" do not match any of the specified PII categories such as name, email, phone, etc.",1
"Je consens à ce que mes informations, y compris 952161917967402053 et Femme, soient incluses dans cette évaluation. Lire les termes sur http://quartier.net/.",1,0.9,2,"[{""label"": ""ip_address"", ""value"": ""952161917967402053"", ""confidence_score"": ""0.90""}, {""label"": ""url"", ""value"": ""http://quartier.net/"", ""confidence_score"": ""0.85""}]",,"```json
[
  {""label"": ""ip_address"", ""value"": ""952161917967402053"", ""confidence_score"": ""0.90""},
  {""label"": ""url"",        ""value"": ""http://quartier.net/"", ""confidence_score"": ""0.85""}
]
```",1
Il codice ETH corretto per le transazioni future è 0x5fe3a875398a723708893a3cbb48e85765a68947.,0,0.0,0,[],,"```json
[]
```",0
We hebben je PIN 4407 en wachtwoord /0Uh nodig voor toegang tot de documenten. Vergeet ook niet je bouwnummer 11 en paspoortnummer FO087514K57.,1,0.9,3,"[{""label"": ""pin"", ""value"": ""4407"", ""confidence_score"": ""0.85""}, {""label"": ""password"", ""value"": ""/0Uh"", ""confidence_score"": ""0.80""}, {""label"": ""passport"", ""value"": ""FO087514K57"", ""confidence_score"": ""0.90""}]",,"```json
[
  {""label"": ""pin"", ""value"": ""4407"", ""confidence_score"": ""0.85""},
  {""label"": ""password"", ""value"": ""/0Uh"", ""confidence_score"": ""0.80""},
  {""label"": ""passport"", ""value"": ""FO087514K57"", ""confidence_score"": ""0.90""}
]
```",1
"Klanten met voertuignummer 3R7E30ZEXV06YFWYP en achternaam Brigljevic dienen bijgewerkte risicorapporten in te dienen. Lokatie: [52.4, 5.178]. Een risicobeoordeling is essentieel voor de juiste dekking.",1,0.98,2,"[{""label"": ""name"", ""value"": ""Brigljevic"", ""confidence_score"": ""0.85""}, {""label"": ""license"", ""value"": ""3R7E30ZEXV06YFWYP"", ""confidence_score"": ""0.98""}]",,"```json
[
  {""label"": ""name"",    ""value"": ""Brigljevic"", ""confidence_score"": ""0.85""},
  {""label"": ""license"", ""value"": ""3R7E30ZEXV06YFWYP"", ""confidence_score"": ""0.98""}
]
```",1
"Hola, nos falta el nombre del banco Caja España de Inversiones y tus últimos números de tarjeta [CREDITCARDEXPIRYCREDITCARDCVV_1] para el seguro.",0,0.0,0,[],,"```json
[]
```
Explanation: The input text mentions a bank name and references credit card details, but it does not provide any specific personal information such as the actual name of the bank account holder or explicit credit card numbers. Therefore, no PII is detected in this context.",0
"Certificat confirmant conformité réglementaire
DATE: 29/05/2018
Numéro de document: REF-202104-2807
Numéro de carte d'identité: M0706805079783
Montant: 880,394.34",1,0.9,1,"[{""label"": ""national_id"", ""value"": ""M0706805079783"", ""confidence_score"": ""0.90""}]",,"```json
[
  {""label"": ""national_id"", ""value"": ""M0706805079783"", ""confidence_score"": ""0.90""}
]
```",1
Got the sports funding approval. Update your tax number 038.75.6739 and password {~Xt8o at http://www.forbes.com/ when you get a chance.,1,0.98,2,"[{""label"": ""tax_id"", ""value"": ""038.75.6739"", ""confidence_score"": ""0.90""}, {""label"": ""url"", ""value"": ""http://www.forbes.com/"", ""confidence_score"": ""0.98""}]",,"```json
[
  {""label"": ""tax_id"", ""value"": ""038.75.6739"", ""confidence_score"": ""0.90""},
  {""label"": ""url"", ""value"": ""http://www.forbes.com/"", ""confidence_score"": ""0.98""}
]
```",1
<html><body><p>Strategia: monitorare e rifornire prodotti più venduti. Utilizzare budget Franco Svizzero. Contattare 08483.32564  per approvazione telefonica.</p></body></html>,1,0.85,1,"[{""label"": ""phone"", ""value"": ""08483.32564"", ""confidence_score"": ""0.85""}]",,"```json
[
  {""label"": ""phone"", ""value"": ""08483.32564"", ""confidence_score"": ""0.85""}
]
```",1
<p>El cálculo de riesgos debe incluir la revisión del documento número REF-201508-2775 perteneciente a eejemmfmtwva8210 y el historial de transacciones asociadas a dicha cuenta.</p>,0,0.0,0,[],,"```json
[]
```
Explanation:
The input text does not contain any recognizable personally identifiable information (PII) based on the allowed labels. The document number, username-like string, and account reference do not match any of the specified PII categories such as name, email, phone, address, etc. Therefore, no PII is detected in this context.",1
"Guten Tag Sineka, Ihr Kontostand beträgt nun: 1.0m.",0,0.0,0,[],,"```json
[]
```
Explanation: The input text does not contain any identifiable personal information such as name, email, phone number, address, etc., that matches the allowed labels for PII detection. It only mentions a username and an account balance, which are not considered PII in this context.",1
"Hallo Orsola, je nieuwe creditcardaanvraag met UUGNAXM4 is goedgekeurd.",1,0.9,2,"[{""label"": ""name"", ""value"": ""Orsola"", ""confidence_score"": ""0.90""}, {""label"": ""credit_card"", ""value"": ""UUGNAXM4"", ""confidence_score"": ""0.85""}]",,"```json
[
  {""label"": ""name"",    ""value"": ""Orsola"",     ""confidence_score"": ""0.90""},
  {""label"": ""credit_card"", ""value"": ""UUGNAXM4"", ""confidence_score"": ""0.85""}
]
```",1
"Buongiorno. Potete indicarmi un buon consulente per Optician, dispensing nella zona di Toscana? - Getoart",1,0.85,1,"[{""label"": ""username"", ""value"": ""Getoart"", ""confidence_score"": ""0.85""}]",,"```json
[
  {""label"": ""username"", ""value"": ""Getoart"", ""confidence_score"": ""0.85""}
]
```",1
Job area coinvolta: Operazioni<br>Data della violazione: 2063-11-27T00:00:00<br>Numero di polìzza assicurativa: AY-CI-431319<br>Numero di previdenza sociale: 756-0040-8806-45,1,0.98,1,"[{""label"": ""ssn"", ""value"": ""756-0040-8806-45"", ""confidence_score"": ""0.98""}]",,"```json
[
  {""label"": ""ssn"", ""value"": ""756-0040-8806-45"", ""confidence_score"": ""0.98""}
]
```",1
"<p>Estimado/a Seude,</p><p>Queremos invitarles a participar en el próximo evento escolar. La confirmación de asistencia se realizará mediante SFLN@tutanota.com o en https://hermanos.net/.</p><p>Atentamente,</p><p>Contrato</p>",1,0.98,2,"[{""label"": ""email"", ""value"": ""SFLN@tutanota.com"", ""confidence_score"": ""0.98""}, {""label"": ""url"", ""value"": ""https://hermanos.net/"", ""confidence_score"": ""0.95""}]",,"```json
[
  {""label"": ""email"", ""value"": ""SFLN@tutanota.com"", ""confidence_score"": ""0.98""},
  {""label"": ""url"", ""value"": ""https://hermanos.net/"", ""confidence_score"": ""0.95""}
]
```",1
<p>Fondi per la formazione:<br>- Budget: 197003<br>- Coord. Finanziario: ['JOBTITLE_22'] ['DOCNUM_11'].</p>,0,0.0,0,[],,"```json
[]
```",0
"Incidence Report<br>Full Name: Retirement Account<br>Date of Birth: November 11th, 1993<br>Sex: M<br>Height: 159 cm<br>Contact: 0036-52.403.0253<br>Report Date: November/09<br>Summary: Birth defect<br>URL: http://brown.co.uk/ ",1,0.98,3,"[{""label"": ""dob"", ""value"": ""November 11th, 1993"", ""confidence_score"": ""0.98""}, {""label"": ""phone"", ""value"": ""0036-52.403.0253"", ""confidence_score"": ""0.85""}, {""label"": ""url"", ""value"": ""http://brown.co.uk/"", ""confidence_score"": ""0.90""}]",,"```json
[
  {""label"": ""dob"",     ""value"": ""November 11th, 1993"", ""confidence_score"": ""0.98""},
  {""label"": ""phone"",   ""value"": ""0036-52.403.0253"",    ""confidence_score"": ""0.85""},
  {""label"": ""url"",     ""value"": ""http://brown.co.uk/"",  ""confidence_score"": ""0.90""}
]
```",1
OTP 555-16 protegge le informazioni di Philomène per questa ricerca.,0,0.0,0,[],,"```json
[]
```",1
"Hello, for the upcoming review, the Myers-Roberts reports must include more specifics about GB metrics.",0,0.0,0,[],,"```json
[]
```",0
Mappare l'accesso: Confermare il login da SO. e avvisare M60@tutanota.com.,1,0.98,1,"[{""label"": ""email"", ""value"": ""M60@tutanota.com"", ""confidence_score"": ""0.98""}]",,"```json
[
  {""label"": ""email"", ""value"": ""M60@tutanota.com"", ""confidence_score"": ""0.98""}
]
```",1
"We kindly request funds for a next-gen AI venture. Our project info: solen05@outlook.com, [PHONE_IMEI_3]. Licenses: B744847043012, 288-08-3732, bank account: 3515764979474940. Legal documents can be shared securely. Invest in future with us.",1,1.0,4,"[{""label"": ""email"", ""value"": ""solen05@outlook.com"", ""confidence_score"": ""1.00""}, {""label"": ""license"", ""value"": ""B744847043012"", ""confidence_score"": ""0.90""}, {""label"": ""ssn"", ""value"": ""288-08-3732"", ""confidence_score"": ""0.85""}, {""label"": ""bank_account"", ""value"": ""3515764979474940"", ""confidence_score"": ""0.95""}]",,"```json
[
  {""label"": ""email"",    ""value"": ""solen05@outlook.com"", ""confidence_score"": ""1.00""},
  {""label"": ""license"",  ""value"": ""B744847043012"",       ""confidence_score"": ""0.90""},
  {""label"": ""ssn"",      ""value"": ""288-08-3732"",         ""confidence_score"": ""0.85""},
  {""label"": ""bank_account"", ""value"": ""3515764979474940"", ""confidence_score"": ""0.95""}
]
```",1
"Para brindar apoyo emocional, habrá un servicio de atención telefónica disponible en 006 161 9273.",1,0.98,1,"[{""label"": ""phone"", ""value"": ""006 161 9273"", ""confidence_score"": ""0.98""}]",,"```json
[
  {""label"": ""phone"", ""value"": ""006 161 9273"", ""confidence_score"": ""0.98""}
]
```",1
"Nome: Saher, ID: FKP476300N, Comprendo tutto. Data di nascita: 03/11/2012, IBAN: ITA8943364679O340988356451.",1,0.95,4,"[{""label"": ""name"", ""value"": ""Saher"", ""confidence_score"": ""0.90""}, {""label"": ""national_id"", ""value"": ""FKP476300N"", ""confidence_score"": ""0.85""}, {""label"": ""dob"", ""value"": ""03/11/2012"", ""confidence_score"": ""0.95""}, {""label"": ""bank_account"", ""value"": ""ITA8943364679O340988356451"", ""confidence_score"": ""0.80""}]",,"```json
[
  {""label"": ""name"",    ""value"": ""Saher"",     ""confidence_score"": ""0.90""},
  {""label"": ""national_id"", ""value"": ""FKP476300N"", ""confidence_score"": ""0.85""},
  {""label"": ""dob"",     ""value"": ""03/11/2012"", ""confidence_score"": ""0.95""},
  {""label"": ""bank_account"", ""value"": ""ITA8943364679O340988356451"", ""confidence_score"": ""0.80""}
]
```",1
<html><body><p>Para apnea del sueño:</p><ul><li>CPAP</li><li>Terapia: <a href='https://www.instalaciones.es/'>ver aquí</a></li><li>Cambio en la dieta</li></ul><p>ID: 88158695F</p><p>IP: [IPV6_7]</p></body></html>,1,0.98,2,"[{""label"": ""url"", ""value"": ""https://www.instalaciones.es/"", ""confidence_score"": ""0.98""}, {""label"": ""ip_address"", ""value"": ""[IPV6_7]"", ""confidence_score"": ""0.85""}]",,"```json
[
  {""label"": ""url"", ""value"": ""https://www.instalaciones.es/"", ""confidence_score"": ""0.98""},
  {""label"": ""ip_address"", ""value"": ""[IPV6_7]"", ""confidence_score"": ""0.85""}
]
```",1
"Guten Tag hejourneaux@tutanota.com, setzen Sie Ihre Zahlungen per Kreditkarten-Daten [CREDITCARDEXPIRYCREDITCARDCVV_1] oder IBAN [IBAN_1] fort. Vielen Dank, [ORGANISATION_1]",1,0.98,1,"[{""label"": ""email"", ""value"": ""hejourneaux@tutanota.com"", ""confidence_score"": ""0.98""}]",,"```json
[
  {""label"": ""email"", ""value"": ""hejourneaux@tutanota.com"", ""confidence_score"": ""0.98""}
]
```",1
"Para mejorar la seguridad, cambia tu contraseña a wM~9A. Esto es recomendable para el acceso al portal educativo.",0,0.0,0,[],,"```json
[]
```",1
"Buenos días Hönemann, el programa de salud juvenil requiere verificar tu 8. ¿Podrías confirmarlo?",1,0.85,1,"[{""label"": ""name"", ""value"": ""Hönemann"", ""confidence_score"": ""0.85""}]",,"```json
[
  {""label"": ""name"", ""value"": ""Hönemann"", ""confidence_score"": ""0.85""}
]
```",1
"Ciao jepandov, il nostro ufficio legale a Castiglion Fiorentino mi ha chiesto di verificare il pagamento tramite Discover.",1,0.85,1,"[{""label"": ""username"", ""value"": ""jepandov"", ""confidence_score"": ""0.85""}]",,"```json
[
  {""label"": ""username"", ""value"": ""jepandov"", ""confidence_score"": ""0.85""}
]
```",1
Dota la tua abitazione di un ambiente positivo e sereno. Verifica la sicurezza della piattaforma prima di inserire il tuo H9535401. Mantieni sempre aggiornata la tua A20 per maggiore sicurezza.,1,0.85,2,"[{""label"": ""license"", ""value"": ""H9535401"", ""confidence_score"": ""0.85""}, {""label"": ""license"", ""value"": ""A20"", ""confidence_score"": ""0.75""}]",,"```json
[
  {""label"": ""license"", ""value"": ""H9535401"", ""confidence_score"": ""0.85""},
  {""label"": ""license"", ""value"": ""A20"", ""confidence_score"": ""0.75""}
]
```",1
Puoi aggiornare il tuo indirizzo? Abbiamo il vecchio: Via Leonardo da Vinci.,1,0.85,1,"[{""label"": ""address"", ""value"": ""Via Leonardo da Vinci"", ""confidence_score"": ""0.85""}]",,"```json
[
  {""label"": ""address"", ""value"": ""Via Leonardo da Vinci"", ""confidence_score"": ""0.85""}
]
```",1
"Hola, necesitamos verificar tu identidad. Por favor, envía una copia de tu pasaporte UHY521177 y tu número de documento TRANS-201203-9346 al correo hoy.",1,0.9,2,"[{""label"": ""passport"", ""value"": ""UHY521177"", ""confidence_score"": ""0.90""}, {""label"": ""national_id"", ""value"": ""TRANS-201203-9346"", ""confidence_score"": ""0.85""}]",,"```json
[
  {""label"": ""passport"", ""value"": ""UHY521177"", ""confidence_score"": ""0.90""},
  {""label"": ""national_id"", ""value"": ""TRANS-201203-9346"", ""confidence_score"": ""0.85""}
]
```",0
Benutzername: 59EAS <br> Geschlecht: Männlich <br> Alter: 72 <br> Ethereum-Adresse: 0xb7f792dd07e9bddc23271f5ab6c2daa1d6a5e719 <br> Beruflicher Bereich: Ingenieurwesen <br> Kreditkartennummer: 3538061027086652 <br> IP: [IPV6_1],1,0.95,3,"[{""label"": ""username"", ""value"": ""59EAS"", ""confidence_score"": ""0.90""}, {""label"": ""credit_card"", ""value"": ""3538061027086652"", ""confidence_score"": ""0.95""}, {""label"": ""ip_address"", ""value"": ""[IPV6_1]"", ""confidence_score"": ""0.85""}]",,"```json
[
  {""label"": ""username"",    ""value"": ""59EAS"",       ""confidence_score"": ""0.90""},
  {""label"": ""credit_card"",""value"": ""3538061027086652"", ""confidence_score"": ""0.95""},
  {""label"": ""ip_address"",  ""value"": ""[IPV6_1]"",    ""confidence_score"": ""0.85""}
]
```",1
"Hi Dercio, finalize notes on REF-202011-5910. Cross-check with [53.7, -0.71]. Regards, 1960dercio",1,0.85,2,"[{""label"": ""username"", ""value"": ""Dercio"", ""confidence_score"": ""0.85""}, {""label"": ""email"", ""value"": ""1960dercio"", ""confidence_score"": ""0.70""}]",,"```json
[
  {""label"": ""username"", ""value"": ""Dercio"", ""confidence_score"": ""0.85""},
  {""label"": ""email"", ""value"": ""1960dercio"", ""confidence_score"": ""0.70""}
]
```",1
"La valutazione CSR per Solari, Fantoni e Columbo s.r.l. ha rivelato criticità in Blocco 82. Per il coordinamento, si prega di contattare 0039.511-168 5500 e fornire il numero di politica JK.II.863448.",1,0.9,1,"[{""label"": ""phone"", ""value"": ""0039.511-168 5500"", ""confidence_score"": ""0.90""}]",,"```json
[
  {""label"": ""phone"",   ""value"": ""0039.511-168 5500"",    ""confidence_score"": ""0.90""}
]
```",1
"Could you please update my account info? My new phone number is +0910068.9712. Also, my address changed to Cross Elms Hill. Thanks!",1,0.85,2,"[{""label"": ""phone"", ""value"": ""+0910068.9712"", ""confidence_score"": ""0.85""}, {""label"": ""address"", ""value"": ""Cross Elms Hill"", ""confidence_score"": ""0.65""}]",,"```json
[
  {""label"": ""phone"",   ""value"": ""+0910068.9712"",    ""confidence_score"": ""0.85""},
  {""label"": ""address"", ""value"": ""Cross Elms Hill"",  ""confidence_score"": ""0.65""}
]
```",1
<p>Random example 35 with masked tokens: Alekou A1965@aol.com [IPV6_14] 896224387 2.59b Herenhuis 288 Voorne aan Zee 3227</p>,1,0.98,3,"[{""label"": ""email"", ""value"": ""Alekou A1965@aol.com"", ""confidence_score"": ""0.98""}, {""label"": ""phone"", ""value"": ""896224387"", ""confidence_score"": ""0.85""}, {""label"": ""address"", ""value"": ""Herenhuis 288 Voorne aan Zee 3227"", ""confidence_score"": ""0.90""}]",,"```json
[
  {""label"": ""email"",    ""value"": ""Alekou A1965@aol.com"",   ""confidence_score"": ""0.98""},
  {""label"": ""phone"",    ""value"": ""896224387"",             ""confidence_score"": ""0.85""},
  {""label"": ""address"",  ""value"": ""Herenhuis 288 Voorne aan Zee 3227"", ""confidence_score"": ""0.90""}
]
```",1
"Autorizo el uso de mi imagen en medios digitales. Dirección URL: http://alexandra.org/, tiempo de grabación: 16:43.",1,0.98,1,"[{""label"": ""url"", ""value"": ""http://alexandra.org/"", ""confidence_score"": ""0.98""}]",,"```json
[
  {""label"": ""url"", ""value"": ""http://alexandra.org/"", ""confidence_score"": ""0.98""}
]
```",0
"<p>We are pleased to confirm the financing agreement dated June 12th, 1993 between Master Rumen Cavenago and Smith-Sharp. The approved funding amount is 890.9k, effective from June 12th, 1993.</p>",0,0.0,0,[],,"```json
[]
```
Explanation:
The input text does not contain any specific personally identifiable information (PII) such as names, addresses, phone numbers, emails, social security numbers, etc., that match the allowed labels. The names ""Master Rumen Cavenago"" and ""Smith-Sharp"" are mentioned, but without additional context or details like an address or contact information, they do not qualify as PII under the specified categories. Similarly, dates and financial amounts are provided, but these do not fall into any of the allowed PII labels.",1
"<p>Erster Analyse-Termin am 21/09/1977. Bringen Sie Ihre Kreditkartennummer (3680139161223310), die Fahrzeugregistrierungsnummer (SO-973 752) und aktuelle Finanzinformationen (81,919.76) mit.</p>",1,1.0,2,"[{""label"": ""credit_card"", ""value"": ""3680139161223310"", ""confidence_score"": ""1.00""}, {""label"": ""license"", ""value"": ""SO-973 752"", ""confidence_score"": ""0.95""}]",,"```json
[
  {""label"": ""credit_card"", ""value"": ""3680139161223310"", ""confidence_score"": ""1.00""},
  {""label"": ""license"", ""value"": ""SO-973 752"", ""confidence_score"": ""0.95""}
]
```",1
Can you check the new policy guidelines at NE. Rugby Lane? I think Baddane's suggestions need incorporating. Thanks!,0,0.0,0,[],,"```json
[]
```",1
"<div>Therapiesitzungen in W. Stadtteil von Stüsslingen. Besuch bei http://schaller.net/. Zahlungen: 3130743966520826695, Ablaufdatum: 10-55. Ansprechpartner: Srithar.</div>",1,0.99,3,"[{""label"": ""url"", ""value"": ""http://schaller.net/"", ""confidence_score"": ""0.98""}, {""label"": ""credit_card"", ""value"": ""3130743966520826695"", ""confidence_score"": ""0.99""}, {""label"": ""name"", ""value"": ""Srithar"", ""confidence_score"": ""0.85""}]",,"```json
[
  {""label"": ""url"", ""value"": ""http://schaller.net/"", ""confidence_score"": ""0.98""},
  {""label"": ""credit_card"", ""value"": ""3130743966520826695"", ""confidence_score"": ""0.99""},
  {""label"": ""name"", ""value"": ""Srithar"", ""confidence_score"": ""0.85""}
]
```",1
"Hey Griselda, confirm that CREDRATING is updated accurately before printing final reports for the school board.",0,0.0,0,[],,"```json
[]
```",1
"Hey, ich brauche deine Einschätzungen zur neuesten PNES Forschung. Bis morgen an R@tutanota.com bitte.",1,0.98,1,"[{""label"": ""email"", ""value"": ""R@tutanota.com"", ""confidence_score"": ""0.98""}]",,"```json
[
  {""label"": ""email"", ""value"": ""R@tutanota.com"", ""confidence_score"": ""0.98""}
]
```",1
"Per favore, fornisci la tua geolocalizzazione: [44.092, 11.4] e il numero identificativo del documento: FATT-201603-4537. Overifica il tuo indirizzo: Località Poggio Casanuova, 381/A.",1,0.85,2,"[{""label"": ""ip_address"", ""value"": ""[44.092, 11.4]"", ""confidence_score"": ""0.85""}, {""label"": ""address"", ""value"": ""Località Poggio Casanuova, 381/A"", ""confidence_score"": ""0.75""}]",,"```json
[
  {""label"": ""ip_address"", ""value"": ""[44.092, 11.4]"", ""confidence_score"": ""0.85""},
  {""label"": ""address"", ""value"": ""Località Poggio Casanuova, 381/A"", ""confidence_score"": ""0.75""}
]
```",1
"<p>Mondgezondheidsonderzoek toont aan dat patiënt Vrouw, paspoortnummer SD080863H59, orthodontische zorg nodig zal hebben. Behandelingskosten bedragen Moldavische Leu780k. Plan een afspraak via: +31.94 105 3125.</p>",1,0.98,2,"[{""label"": ""passport"", ""value"": ""SD080863H59"", ""confidence_score"": ""0.98""}, {""label"": ""phone"", ""value"": ""+31.94 105 3125"", ""confidence_score"": ""0.90""}]",,"```json
[
  {""label"": ""passport"", ""value"": ""SD080863H59"", ""confidence_score"": ""0.98""},
  {""label"": ""phone"",    ""value"": ""+31.94 105 3125"", ""confidence_score"": ""0.90""}
]
```",1
Datenprüfung auf 19/11/2058 geplant. Brauche deinen Jobschein: Vertrag und Steuernummer: CHE-387.061.129.,1,0.9,1,"[{""label"": ""tax_id"", ""value"": ""CHE-387.061.129"", ""confidence_score"": ""0.90""}]",,"```json
[
  {""label"": ""tax_id"", ""value"": ""CHE-387.061.129"", ""confidence_score"": ""0.90""}
]
```",1
Ultima analisi dei crediti per il progetto EMS mostrava un punteggio di 495. Column updated.,0,0.0,0,[],,"```json
[]
```",0
"Guten Tag Lotzmann, können wir das Meeting am 2007-09-23T00:00:00 im Bereich Support vorverlegen? Es betrifft das Thema Menschenrechte.",1,0.85,2,"[{""label"": ""name"", ""value"": ""Lotzmann"", ""confidence_score"": ""0.85""}, {""label"": ""dob"", ""value"": ""2007-09-23T00:00:00"", ""confidence_score"": ""0.60""}]",,"```json
[
  {""label"": ""name"",    ""value"": ""Lotzmann"",   ""confidence_score"": ""0.85""},
  {""label"": ""dob"",     ""value"": ""2007-09-23T00:00:00"", ""confidence_score"": ""0.60""}
]
```",1
"Salut mkzqankxlhux2066, nous avons besoin d'un contrôle rapide des données patient dans le canton de BE. Assure-toi d'avoir les informations correctes pour chaque patient.",1,0.9,1,"[{""label"": ""username"", ""value"": ""mkzqankxlhux2066"", ""confidence_score"": ""0.90""}]",,"```json
[
  {""label"": ""username"", ""value"": ""mkzqankxlhux2066"", ""confidence_score"": ""0.90""}
]
```",1
"Hi 93askin.ghez, make sure the funding (0.17m GBP) is allocated to the biodiversity project. Account: 0x04815142398816cb5746245646f9f14d0881d219.",1,0.9,2,"[{""label"": ""username"", ""value"": ""93askin.ghez"", ""confidence_score"": ""0.90""}, {""label"": ""bank_account"", ""value"": ""0x04815142398816cb5746245646f9f14d0881d219"", ""confidence_score"": ""0.85""}]",,"```json
[
  {""label"": ""username"", ""value"": ""93askin.ghez"", ""confidence_score"": ""0.90""},
  {""label"": ""bank_account"", ""value"": ""0x04815142398816cb5746245646f9f14d0881d219"", ""confidence_score"": ""0.85""}
]
```",1
Improved record-keeping can enhance patient satisfaction. Ensure the documented date of birth 01/17/1950 accurately matches each patient's records to avoid any service discrepancies.,1,0.98,1,"[{""label"": ""dob"", ""value"": ""01/17/1950"", ""confidence_score"": ""0.98""}]",,"```json
[
  {""label"": ""dob"", ""value"": ""01/17/1950"", ""confidence_score"": ""0.98""}
]
```",1
"Klimaatveranderingsanalyse: focus op biodiversiteitsbehoud. Documentatie gezien door +2-923-132 0704, online toegang via https://royal.com/.",1,0.9,2,"[{""label"": ""phone"", ""value"": ""+2-923-132 0704"", ""confidence_score"": ""0.90""}, {""label"": ""url"", ""value"": ""https://royal.com/"", ""confidence_score"": ""0.85""}]",,"```json
[
  {""label"": ""phone"",   ""value"": ""+2-923-132 0704"",    ""confidence_score"": ""0.90""},
  {""label"": ""url"",     ""value"": ""https://royal.com/"", ""confidence_score"": ""0.85""}
]
```",1
"<p>nuovo dataset: popolazione residente in Villa 418, edificio 26. Data di nascita campioni: agosto/14, agosto/14.</p>",1,0.85,2,"[{""label"": ""address"", ""value"": ""Villa 418, edificio 26"", ""confidence_score"": ""0.85""}, {""label"": ""dob"", ""value"": ""agosto/14"", ""confidence_score"": ""0.80""}]",,"```json
[
  {""label"": ""address"", ""value"": ""Villa 418, edificio 26"", ""confidence_score"": ""0.85""},
  {""label"": ""dob"",     ""value"": ""agosto/14"",         ""confidence_score"": ""0.80""}
]
```",1
"Make sure to back up all email communications regarding Fernandez, Parker and Solomon class-action claims, please.",0,0.0,0,[],,"```json
[]
```
Explanation: The input text mentions names ""Fernandez,"" ""Parker,"" and ""Solomon"" but does not provide any additional context or details that would make these names personally identifiable information (PII) in this specific instance. There are no email addresses, phone numbers, addresses, or other PII elements present in the text. Therefore, no PII is detected.",0
"Hi Anusha, ich habe Probleme beim Einloggen mit Opera/9.80.(X11; Linux i686; br-FR) Presto/2.9.186 Version/10.00. Kannst du es überprüfen? Mein Passwort: ""4nt5H!f7l.",1,1.0,2,"[{""label"": ""name"", ""value"": ""Anusha"", ""confidence_score"": ""0.85""}, {""label"": ""password"", ""value"": ""4nt5H!f7l"", ""confidence_score"": ""1.00""}]",,"```json
[
  {""label"": ""name"",    ""value"": ""Anusha"",   ""confidence_score"": ""0.85""},
  {""label"": ""password"",""value"": ""4nt5H!f7l"", ""confidence_score"": ""1.00""}
]
```",1
Anotaciones: Florenzo muestra un alto interés en mantenerse seguro en línea. Brindó su dirección IPV6: [IPV6_2].,1,0.85,1,"[{""label"": ""ip_address"", ""value"": ""[IPV6_2]"", ""confidence_score"": ""0.85""}]",,"```json
[
  {""label"": ""ip_address"", ""value"": ""[IPV6_2]"", ""confidence_score"": ""0.85""}
]
```",1
"Ich hoffe, wir sehen uns morgen um 10 Uhr in Schriesheim für das Gesprächsprotokoll.",0,0.0,0,[],,"```json
[]
```",1
"Per favore, manda l'indirizzo Le Saut de la Pucelle e il numero [VEHICLEVIN] per il parcheggio riservato durante il corso aggiornamento.",0,0.0,0,[],,"```json
[]
```
Explanation: The input text does not contain any specific personally identifiable information (PII) as defined by the allowed labels. It mentions a request for an address and a vehicle identification number, but neither is explicitly provided in the text. Therefore, no PII can be extracted based on the given criteria.",1
El color de ojos será utilizado para mejorar la seguridad biométrica: Marrón.,0,0.0,0,[],,"```json
[]
```",0
The school's new drama production focuses on Product Management. Looking forward to participating!,0,0.0,0,[],,"```json
[]
```",0
"Hola Merih, actualiza el estado del inventario en Calle Anhidrita. Uso el enlace en https://www.guillen.net/.",1,0.99,3,"[{""label"": ""name"", ""value"": ""Merih"", ""confidence_score"": ""0.85""}, {""label"": ""address"", ""value"": ""Calle Anhidrita"", ""confidence_score"": ""0.70""}, {""label"": ""url"", ""value"": ""https://www.guillen.net/"", ""confidence_score"": ""0.99""}]",,"```json
[
  {""label"": ""name"",    ""value"": ""Merih"",     ""confidence_score"": ""0.85""},
  {""label"": ""address"", ""value"": ""Calle Anhidrita"", ""confidence_score"": ""0.70""},
  {""label"": ""url"",     ""value"": ""https://www.guillen.net/"", ""confidence_score"": ""0.99""}
]
```",1
"Salut Maria-Augusta, quand penses-tu faire la prochaine visite chez le médecin? Échange de clés IMEI: 845663878223316. À bientôt!",1,0.9,1,"[{""label"": ""name"", ""value"": ""Maria-Augusta"", ""confidence_score"": ""0.90""}]",,"```json
[
  {""label"": ""name"", ""value"": ""Maria-Augusta"", ""confidence_score"": ""0.90""}
]
```",1
"Buongiorno Senatore, l'incontro via [IPV6_4] è confermato per le 01:46. Sei disponibile?",1,0.6,1,"[{""label"": ""ip_address"", ""value"": ""[IPV6_4]"", ""confidence_score"": ""0.60""}]",,"```json
[
  {""label"": ""ip_address"", ""value"": ""[IPV6_4]"", ""confidence_score"": ""0.60""}
]
```",0
Ho bisogno del rapporto completo prima del 07/06/2047. Assicurati di includere il punteggio del credito 555 e il CAP 3022.,1,0.7,2,"[{""label"": ""credit_card"", ""value"": ""555"", ""confidence_score"": ""0.60""}, {""label"": ""address"", ""value"": ""3022"", ""confidence_score"": ""0.70""}]",,"```json
[
  {""label"": ""credit_card"", ""value"": ""555"", ""confidence_score"": ""0.60""},
  {""label"": ""address"", ""value"": ""3022"", ""confidence_score"": ""0.70""}
]
```",1
Vergeet niet om je 6270110787121471970371 en 3SoHMA6JpxETOMhfkAyQzD5eT2UcZqu0Ny gegevens door te geven. Dit is vereist voor de audit.,1,0.98,2,"[{""label"": ""credit_card"", ""value"": ""6270110787121471970371"", ""confidence_score"": ""0.98""}, {""label"": ""username"", ""value"": ""3SoHMA6JpxETOMhfkAyQzD5eT2UcZqu0Ny"", ""confidence_score"": ""0.95""}]",,"```json
[
  {""label"": ""credit_card"", ""value"": ""6270110787121471970371"", ""confidence_score"": ""0.98""},
  {""label"": ""username"",     ""value"": ""3SoHMA6JpxETOMhfkAyQzD5eT2UcZqu0Ny"", ""confidence_score"": ""0.95""}
]
```",1
"Hallo Matus, ich habe mein Passwort hj{1@779VGdH vergessen und kann mich nicht ins Wellness-Portal anmelden. Kannst du mir helfen?",1,0.9,2,"[{""label"": ""username"", ""value"": ""Matus"", ""confidence_score"": ""0.85""}, {""label"": ""password"", ""value"": ""hj{1@779VGdH"", ""confidence_score"": ""0.90""}]",,"```json
[
  {""label"": ""username"", ""value"": ""Matus"", ""confidence_score"": ""0.85""},
  {""label"": ""password"", ""value"": ""hj{1@779VGdH"", ""confidence_score"": ""0.90""}
]
```",1
Directive FR exige la documentation des transactions. Tracking URL: https://marechal.com/; Référence de document nécessaire: TRANS-201901-6534.,1,0.98,1,"[{""label"": ""url"", ""value"": ""https://marechal.com/"", ""confidence_score"": ""0.98""}]",,"```json
[
  {""label"": ""url"", ""value"": ""https://marechal.com/"", ""confidence_score"": ""0.98""}
]
```",0
<p><strong>Investment Summary:</strong></p><p>A summary for account 748132444807174822412 in Harrogate is now available. Use Opera/8.43.(X11; Linux x86_64; id-ID) Presto/2.9.170 Version/10.00 for updates. Financial transactions through IBAN GB11 3GDV L0J5 94G4 D9OV 9X. Secure with OTP 42.2R.</p>,1,0.9,3,"[{""label"": ""bank_account"", ""value"": ""748132444807174822412"", ""confidence_score"": ""0.90""}, {""label"": ""address"", ""value"": ""Harrogate"", ""confidence_score"": ""0.60""}, {""label"": ""url"", ""value"": ""Opera/8.43.(X11; Linux x86_64; id-ID) Presto/2.9.170 Version/10.00"", ""confidence_score"": ""0.85""}]",,"```json
[
  {""label"": ""bank_account"", ""value"": ""748132444807174822412"", ""confidence_score"": ""0.90""},
  {""label"": ""address"", ""value"": ""Harrogate"", ""confidence_score"": ""0.60""},
  {""label"": ""url"", ""value"": ""Opera/8.43.(X11; Linux x86_64; id-ID) Presto/2.9.170 Version/10.00"", ""confidence_score"": ""0.85""}
]
```",1
"Señor/a Presidente, por favor reúna todos los documentos necesarios para la aprobación de su fondo verde.",0,0.0,0,[],,"```json
[]
```",0
"2   Marktanalysebericht   - In Sachsen beobachten wir, dass Frau Konsumenten eine zunehmende Präferenz für Produkte im Gesundheitswesen Bereich aufweisen. PIN-Codes wie 1802448 werden zur Absicherung von Transaktionen verwendet.",1,0.85,2,"[{""label"": ""name"", ""value"": ""Frau Konsumenten"", ""confidence_score"": ""0.60""}, {""label"": ""pin_code"", ""value"": ""1802448"", ""confidence_score"": ""0.85""}]",,"```json
[
  {""label"": ""name"",    ""value"": ""Frau Konsumenten"", ""confidence_score"": ""0.60""},
  {""label"": ""pin_code"",""value"": ""1802448"",         ""confidence_score"": ""0.85""}
]
```",0
"Ciao acrwzixq5026, ieri abbiamo discusso del caso particolare di Terenzo. Ho aggiornato il numero su http://www.tognazzi-tencalla.org/, verifica che il tuo LozE8VRj3QT0AaDb4VyCvDOFG2jSL4z2lc sia giusto.",1,0.95,2,"[{""label"": ""username"", ""value"": ""acrwzixq5026"", ""confidence_score"": ""0.90""}, {""label"": ""url"", ""value"": ""http://www.tognazzi-tencalla.org/"", ""confidence_score"": ""0.95""}]",,"```json
[
  {""label"": ""username"", ""value"": ""acrwzixq5026"", ""confidence_score"": ""0.90""},
  {""label"": ""url"",       ""value"": ""http://www.tognazzi-tencalla.org/"", ""confidence_score"": ""0.95""}
]
```",1
"Support Services for Evagelia Landerretche, 56 | Facility Number: 6320 | IMEI: 422518561667487 | MAC Address: d6:94:50:2f:1c:bf",0,0.0,0,[],,"```json
[]
```
The input text does not contain any identifiable PII based on the allowed labels. The names, numbers, and addresses provided do not match the specified categories such as name, email, phone, address, etc., within the context of this task. Therefore, no PII is detected in this sample.",1
El usuar1o es responsable de la seguridad de su PIN 1545648 y debe protegerlo de accesos no autorizados.,1,0.85,2,"[{""label"": ""username"", ""value"": ""usuar1o"", ""confidence_score"": ""0.85""}, {""label"": ""credit_card"", ""value"": ""1545648"", ""confidence_score"": ""0.60""}]",,"```json
[
  {""label"": ""username"", ""value"": ""usuar1o"", ""confidence_score"": ""0.85""},
  {""label"": ""credit_card"", ""value"": ""1545648"", ""confidence_score"": ""0.60""}
]
```",0
"<p>Estimado/a Masculino Pitchou,</p><p>Nos complace informarle que su hijo/a tiene un resultado académico sobresaliente. Para cualquier consulta, les pedimos contactar a pitchou.arunthavarajah@gmail.com o visitar https://www.gelabert.es/. </p><p>Atentamente,</p><p>[GENDO_1] [JOBTYPE_1]</p>",1,0.99,1,"[{""label"": ""email"", ""value"": ""pitchou.arunthavarajah@gmail.com"", ""confidence_score"": ""0.99""}]",,"```json
[
  {""label"": ""email"", ""value"": ""pitchou.arunthavarajah@gmail.com"", ""confidence_score"": ""0.99""}
]
```",1
"Hallo Suthayini, möchtest du mit den Unterlagen von Bundesstraße beginnen? Wir müssen diese bis Nordosten prüfen.",0,0.0,0,[],,"```json
[]
```",1
"Salut Compte à Terme, j'ai intégré tes suggestions et envoyé le texte à MA1939@outlook.com. Hâte de lire ton prochain avis.",1,0.99,1,"[{""label"": ""email"", ""value"": ""MA1939@outlook.com"", ""confidence_score"": ""0.99""}]",,"```json
[
  {""label"": ""email"", ""value"": ""MA1939@outlook.com"", ""confidence_score"": ""0.99""}
]
```",1
"I dati mostrano un incremento del [PERCENTAGE_1]% nelle competenze di [JOBAREA_1]. Dettagli: numero di telefono [TELEPHONENUM_1], numero targa veicolo [VEHICLEVRM_1], numero passaporto [PASSPORTNUM_1]. Occhi [EYECOLOR_1]. Supporto finanziato da [BANKNAME_1].",1,0.9,2,"[{""label"": ""phone"", ""value"": ""[TELEPHONENUM_1]"", ""confidence_score"": ""0.85""}, {""label"": ""passport"", ""value"": ""[PASSPORTNUM_1]"", ""confidence_score"": ""0.90""}]",,"```json
[
  {""label"": ""phone"",   ""value"": ""[TELEPHONENUM_1]"",    ""confidence_score"": ""0.85""},
  {""label"": ""passport"",""value"": ""[PASSPORTNUM_1]"",     ""confidence_score"": ""0.90""}
]
```",0
"Dear Chungdak, we value your thoughts on our financial advisory services. Confirm if 92.839b was debited on May 4th, 1979.",0,0.0,0,[],,"```json
[]
```
Explanation: The input text does not contain any identifiable personal information such as names, addresses, phone numbers, emails, or other PII categories listed in the allowed labels. ""Chungdak"" appears to be a name but is used in a generic greeting context without additional identifying details. The reference to ""92.839b"" seems like an account number or transaction code rather than a bank account or credit card number, and no specific personal identifiers are provided for it. Therefore, no PII is detected with confidence.",1
<p>Secteur d'activité : Ventes<br>Type d'emploi : Stage<br>Nom d'utilisateur : plisko1978<br>Numéro de sécurité sociale : 756.4597.2031.29<br>Numéro de véhicule : 750 KEO</p>,1,0.98,2,"[{""label"": ""username"", ""value"": ""plisko1978"", ""confidence_score"": ""0.98""}, {""label"": ""ssn"", ""value"": ""756.4597.2031.29"", ""confidence_score"": ""0.95""}]",,"```json
[
  {""label"": ""username"", ""value"": ""plisko1978"", ""confidence_score"": ""0.98""},
  {""label"": ""ssn"", ""value"": ""756.4597.2031.29"", ""confidence_score"": ""0.95""}
]
```",1
Need input on 6250788840950664 habits altering substance use trends. Seen anything similar?,1,0.99,1,"[{""label"": ""credit_card"", ""value"": ""6250788840950664"", ""confidence_score"": ""0.99""}]",,"```json
[
  {""label"": ""credit_card"", ""value"": ""6250788840950664"", ""confidence_score"": ""0.99""}
]
```",1
Ciao! Mi confermi l'importo per il servizio? Ho ricevuto 20.5b sul mio IBAN: ITH9247791041 A 796686251952.,1,0.98,2,"[{""label"": ""bank_account"", ""value"": ""ITH9247791041"", ""confidence_score"": ""0.98""}, {""label"": ""routing_number"", ""value"": ""A 796686251952"", ""confidence_score"": ""0.85""}]",,"```json
[
  {""label"": ""bank_account"", ""value"": ""ITH9247791041"", ""confidence_score"": ""0.98""},
  {""label"": ""routing_number"", ""value"": ""A 796686251952"", ""confidence_score"": ""0.85""}
]
```",0
"Könntest du die 0if5y,M)g1:3 für dein Konto auf http://www.tanner-schoch.info/ ändern? Wir haben verdächtige Aktivitäten festgestellt.",1,0.98,1,"[{""label"": ""url"", ""value"": ""http://www.tanner-schoch.info/"", ""confidence_score"": ""0.98""}]",,"```json
[
  {""label"": ""url"", ""value"": ""http://www.tanner-schoch.info/"", ""confidence_score"": ""0.98""}
]
```",1
Enhance inclusivity by monitoring all Male employees' progress. Send periodic reports to zoiavhrsjjjq98@gmail.com. Initiate new programs at Crow Road with the finance department's approval for a budget of HRK477.1474k.,1,0.99,1,"[{""label"": ""email"", ""value"": ""zoiavhrsjjjq98@gmail.com"", ""confidence_score"": ""0.99""}]",,"```json
[
  {""label"": ""email"", ""value"": ""zoiavhrsjjjq98@gmail.com"", ""confidence_score"": ""0.99""}
]
```",1
<p>luglio/04 alle 1. Compilato nel cantone di Zürich. Controllato il numero mascherato 70890372333189956 per l'utente con saldo 164k. MAC Address impiegato: 1a:04:4d:0b:8b:18. Confermare dettagli secondari all'indirizzo Villa 63.</p>,1,0.85,2,"[{""label"": ""phone"", ""value"": ""70890372333189956"", ""confidence_score"": ""0.85""}, {""label"": ""address"", ""value"": ""Villa 63"", ""confidence_score"": ""0.70""}]",,"```json
[
  {""label"": ""phone"",   ""value"": ""70890372333189956"",    ""confidence_score"": ""0.85""},
  {""label"": ""address"", ""value"": ""Villa 63"",             ""confidence_score"": ""0.70""}
]
```",0
"À 14/02/2051, Brunel Pelletier S.A. a un solde de 804.96k. L'utilisation de l'adresse Bitcoin 3tUVFPVbNDohbJfC9X60C1qvUsYUKqb4z3 est notable.",1,0.9,1,"[{""label"": ""url"", ""value"": ""3tUVFPVbNDohbJfC9X60C1qvUsYUKqb4z3"", ""confidence_score"": ""0.90""}]",,"```json
[
  {""label"": ""url"", ""value"": ""3tUVFPVbNDohbJfC9X60C1qvUsYUKqb4z3"", ""confidence_score"": ""0.90""}
]
```",0
Needed: <br> Account Number: 632177920908236926016619 <br> Full Name: Luis Farmer <br> Time: 01:27 <br> ID Card Number: 7028753194 <br> Job Title: Recycling officer <br> Password: M5UVv8_,1,0.98,2,"[{""label"": ""bank_account"", ""value"": ""632177920908236926016619"", ""confidence_score"": ""0.98""}, {""label"": ""name"", ""value"": ""Luis Farmer"", ""confidence_score"": ""0.95""}]",,"```json
[
  {""label"": ""bank_account"", ""value"": ""632177920908236926016619"", ""confidence_score"": ""0.98""},
  {""label"": ""name"",         ""value"": ""Luis Farmer"",        ""confidence_score"": ""0.95""}
]
```",1
<div> Sesso: Femmina </div>,0,0.0,0,[],,"```json
[]
```",0
"Verifica tu geolocalización [40.04, -3.8] y tu número de identificación fiscal P4661022X en nuestro sistema.",1,0.9,2,"[{""label"": ""ip_address"", ""value"": ""[40.04, -3.8]"", ""confidence_score"": ""0.85""}, {""label"": ""tax_id"", ""value"": ""P4661022X"", ""confidence_score"": ""0.90""}]",,"```json
[
  {""label"": ""ip_address"", ""value"": ""[40.04, -3.8]"", ""confidence_score"": ""0.85""},
  {""label"": ""tax_id"",     ""value"": ""P4661022X"",    ""confidence_score"": ""0.90""}
]
```",1
"Hallo, für die Überweisung fehlt mir noch die IBAN Julius Baer Group und der Bern-Wert. Bitte so schnell wie möglich senden.",0,0.0,0,[],,"```json
[]
```
Explanation: The input text does not contain any specific personally identifiable information (PII) as defined by the allowed labels such as name, email, phone number, address, etc. It mentions ""IBAN"" and a bank group but does not provide an actual IBAN or other PII details like account numbers or personal identifiers.",0
"Hallo A30, erinnerst du dich an unser Treffen am Friedrichstaler Weg? Brauche Infos über Marketing.",0,0.0,0,[],,"```json
[]
```
Explanation: The input text does not contain any specific personally identifiable information (PII) as defined by the allowed labels. ""A30"" could be a username or part of an email address, but without further context indicating it is indeed one of these, it cannot be confidently labeled as such. There are no names, emails, phone numbers, addresses, DOBs, SSNs, passports, licenses, credit card details, bank account numbers, routing numbers, tax IDs, national IDs, student IDs, IP addresses, URLs, or MRNs present in the text.",1
"Ein finanzieller Sicherheitsvorfall wurde gemeldet. Person 911342790 führte unberechtigte Transaktionen durch, dabei wurde Litecoin-Adresse LWmdPSFA7zcuChPA5PkYAChOKV8nn20tkO verwendet.",1,0.9,2,"[{""label"": ""national_id"", ""value"": ""911342790"", ""confidence_score"": ""0.85""}, {""label"": ""url"", ""value"": ""LWmdPSFA7zcuChPA5PkYAChOKV8nn20tkO"", ""confidence_score"": ""0.90""}]",,"```json
[
  {""label"": ""national_id"", ""value"": ""911342790"", ""confidence_score"": ""0.85""},
  {""label"": ""url"", ""value"": ""LWmdPSFA7zcuChPA5PkYAChOKV8nn20tkO"", ""confidence_score"": ""0.90""}
]
```",0
"Salut Oum, mettez à jour votre numéro fiscal CHE-326672207 dans nos dossiers.",1,0.98,1,"[{""label"": ""tax_id"", ""value"": ""CHE-326672207"", ""confidence_score"": ""0.98""}]",,"```json
[
  {""label"": ""tax_id"", ""value"": ""CHE-326672207"", ""confidence_score"": ""0.98""}
]
```",1
"<p><strong>Investment Timeline:</strong></p><p>Dear Mehsen, we have laid out the timeline using your registered account Checking Account. Financial transactions will be processed through GB94EQTRY024ZKHF9PPRU1 in Westbury. OTP 1#2-5.33 and password 7)s:Lz are required for confirmation.</p>",1,0.95,3,"[{""label"": ""name"", ""value"": ""Mehsen"", ""confidence_score"": ""0.90""}, {""label"": ""bank_account"", ""value"": ""Checking Account"", ""confidence_score"": ""0.85""}, {""label"": ""routing_number"", ""value"": ""GB94EQTRY024ZKHF9PPRU1"", ""confidence_score"": ""0.95""}]",,"```json
[
  {""label"": ""name"", ""value"": ""Mehsen"", ""confidence_score"": ""0.90""},
  {""label"": ""bank_account"", ""value"": ""Checking Account"", ""confidence_score"": ""0.85""},
  {""label"": ""routing_number"", ""value"": ""GB94EQTRY024ZKHF9PPRU1"", ""confidence_score"": ""0.95""}
]
```",1
"Hey Trajche, can you confirm if Roberts Inc has received the updated shareholder list by 3rd November 2039? Contact them via S35@protonmail.com if there's any issue.",1,0.98,1,"[{""label"": ""email"", ""value"": ""S35@protonmail.com"", ""confidence_score"": ""0.98""}]",,"```json
[
  {""label"": ""email"", ""value"": ""S35@protonmail.com"", ""confidence_score"": ""0.98""}
]
```",1
"Salut, peux-tu consulter le cas de 5 ans ayant des troubles, vivant dans le Sud-Est FR, dossier FACT-201108-8091 ?",1,0.85,1,"[{""label"": ""mrn"", ""value"": ""FACT-201108-8091"", ""confidence_score"": ""0.85""}]",,"```json
[
  {""label"": ""mrn"", ""value"": ""FACT-201108-8091"", ""confidence_score"": ""0.85""}
]
```",0
<p>Record Verification Update</p><p>Critical care needed. Feminine student balance USD957k. Check VIN WTCTTJ712GLYJZKRT.</p>,1,0.85,1,"[{""label"": ""credit_card"", ""value"": ""WTCTTJ712GLYJZKRT"", ""confidence_score"": ""0.85""}]",,"```json
[
  {""label"": ""credit_card"", ""value"": ""WTCTTJ712GLYJZKRT"", ""confidence_score"": ""0.85""}
]
```",0
"<div> <p>Verdachte activiteit bij Mozilla/5.0 (Android 7.1; Mobile; rv:57.0) Gecko/57.0 Firefox/57.0, IMEI-apparaat geregistreerd in de buurt van [51.386, 5.6].</p> </div>",1,0.9,2,"[{""label"": ""ip_address"", ""value"": ""Mozilla/5.0 (Android 7.1; Mobile; rv:57.0) Gecko/57.0 Firefox/57.0"", ""confidence_score"": ""0.85""}, {""label"": ""address"", ""value"": ""[51.386, 5.6]"", ""confidence_score"": ""0.90""}]",,"```json
[
  {""label"": ""ip_address"", ""value"": ""Mozilla/5.0 (Android 7.1; Mobile; rv:57.0) Gecko/57.0 Firefox/57.0"", ""confidence_score"": ""0.85""},
  {""label"": ""address"", ""value"": ""[51.386, 5.6]"", ""confidence_score"": ""0.90""}
]
```",0
"Accordé à Ben Mohamed, né(e) le 16/04/1992, obtenant un visa de travail temporaire. Numéro de carte d'identité : M1604926105476.",1,0.98,3,"[{""label"": ""name"", ""value"": ""Ben Mohamed"", ""confidence_score"": ""0.90""}, {""label"": ""dob"", ""value"": ""16/04/1992"", ""confidence_score"": ""0.98""}, {""label"": ""national_id"", ""value"": ""M1604926105476"", ""confidence_score"": ""0.85""}]",,"```json
[
  {""label"": ""name"",    ""value"": ""Ben Mohamed"",   ""confidence_score"": ""0.90""},
  {""label"": ""dob"",     ""value"": ""16/04/1992"",    ""confidence_score"": ""0.98""},
  {""label"": ""national_id"", ""value"": ""M1604926105476"", ""confidence_score"": ""0.85""}
]
```",1
"NAME: Finesa Sauvaget
JOBTYPE: Teilzeit
PASSPORT: O8224252
COUNTRY: Schweiz
Collected a forensic sample from suspect, identified by MAC: d6:8b:c6:71:b6:8d and email: sauvaget21@protonmail.com.",1,0.98,3,"[{""label"": ""name"", ""value"": ""Finesa Sauvaget"", ""confidence_score"": ""0.98""}, {""label"": ""passport"", ""value"": ""O8224252"", ""confidence_score"": ""0.95""}, {""label"": ""email"", ""value"": ""sauvaget21@protonmail.com"", ""confidence_score"": ""0.90""}]",,"```json
[
  {""label"": ""name"",    ""value"": ""Finesa Sauvaget"",   ""confidence_score"": ""0.98""},
  {""label"": ""passport"",""value"": ""O8224252"",          ""confidence_score"": ""0.95""},
  {""label"": ""email"",   ""value"": ""sauvaget21@protonmail.com"", ""confidence_score"": ""0.90""}
]
```",1
"A partir de hoy, Maneo actuará como mediador entre las partes utilizando sus datos personales, incluidas su altura: 187 cm y calificación crediticia: 791.",0,0.0,0,[],,"```json
[]
```
The input text does not contain any specific personally identifiable information (PII) as defined by the allowed labels. It mentions general data such as height and credit score, which are not considered PII in this context.",1
<br>Vorgeschlagener Plan<br>- Verhandlungen beginnen mit einem Betrag von 511.2k CHF.<br>- Abstimmung der Verhandlungspunkte entlang der S. Methode.<br>- Maximierung der Vereinbarungen unter Verwendung von Sparbuch 69 Kontonummern: 881152100.,1,0.85,1,"[{""label"": ""bank_account"", ""value"": ""881152100"", ""confidence_score"": ""0.85""}]",,"```json
[
  {""label"": ""bank_account"", ""value"": ""881152100"", ""confidence_score"": ""0.85""}
]
```",1
"Hey, @745-45-1313 want to ask if you’ve reviewed the case studies for narrative therapy? I’ll share the docs in a few, can you check for South?",1,0.98,1,"[{""label"": ""ssn"", ""value"": ""745-45-1313"", ""confidence_score"": ""0.98""}]",,"```json
[
  {""label"": ""ssn"", ""value"": ""745-45-1313"", ""confidence_score"": ""0.98""}
]
```",1
"Bonjour, utilisez-vous des visual boards pour rester focus sur vos objectifs? Partagez vos expériences! – decaumont29",1,0.85,1,"[{""label"": ""username"", ""value"": ""decaumont29"", ""confidence_score"": ""0.85""}]",,"```json
[
  {""label"": ""username"", ""value"": ""decaumont29"", ""confidence_score"": ""0.85""}
]
```",1
Mein 15-jähriger Sohn hat Schwierigkeiten sich zu konzentrieren. Können wir das nächsten Mittwoch besprechen?,0,0.0,0,[],,"```json
[]
```",0
Ciao a tutti. Sapete se ci sono consulenti per studenti che vogliono studiare in IT? Urgente! Grazie.,0,0.0,0,[],,"```json
[]
```",0
"Hey Khair, peux-tu m'envoyer le rapport sur les nouvelles interventions avant 19/11/2073? Voici mon numéro de téléphone : +79.258545564.",1,0.9,2,"[{""label"": ""name"", ""value"": ""Khair"", ""confidence_score"": ""0.85""}, {""label"": ""phone"", ""value"": ""+79.258545564"", ""confidence_score"": ""0.90""}]",,"```json
[
  {""label"": ""name"",    ""value"": ""Khair"",     ""confidence_score"": ""0.85""},
  {""label"": ""phone"",   ""value"": ""+79.258545564"", ""confidence_score"": ""0.90""}
]
```",1
"2 Treatment Plan Detailed plan outlining the mental health treatment the youth will receive.

<![CDATA[<p>Il piano prevede terapie personalizzate seguite da esperti in Ingegneria.</p><p>Inizio previsto: 22/10/2036, presso 9.</p>]]>",0,0.0,0,[],,"```json
[]
```
The input text does not contain any identifiable personally identifiable information (PII) based on the allowed labels. The content is a general description of a treatment plan without specific personal details such as names, addresses, phone numbers, or other sensitive identifiers.",1
"<input type='text' name='form_country' value='GB' placeholder='Country'/> <input type='password' name='password' value='%D=s,r#B86%5' placeholder='Password'/> <input type='text' name='vet_ipv6' value='[IPV6_1]' placeholder='IPv6'/>",1,0.85,1,"[{""label"": ""ip_address"", ""value"": ""[IPV6_1]"", ""confidence_score"": ""0.85""}]",,"```json
[
  {""label"": ""ip_address"", ""value"": ""[IPV6_1]"", ""confidence_score"": ""0.85""}
]
```",1
Autorización para la transferencia de 14.0b a la cuenta 1448205161469 para el tratamiento. Vea más detalles en https://www.hotel.com/. La dirección secundaria es Apartamento 463.,1,0.9,2,"[{""label"": ""bank_account"", ""value"": ""1448205161469"", ""confidence_score"": ""0.90""}, {""label"": ""url"", ""value"": ""https://www.hotel.com/"", ""confidence_score"": ""0.85""}]",,"```json
[
  {""label"": ""bank_account"", ""value"": ""1448205161469"", ""confidence_score"": ""0.90""},
  {""label"": ""url"",          ""value"": ""https://www.hotel.com/"", ""confidence_score"": ""0.85""}
]
```",1
"<p>Behandelplan voor patiënt met ID 952191702, leeftijd 31. Geslacht M. Triggers wijzen naar persoonlijke trauma's. Lit addr: LHskETlUJn2r6WhN2nzB17IUrTRekr41E4 en soc: 303897479 bevestigd. Focus op langetermijnbehandeling.</p>",1,0.9,3,"[{""label"": ""mrn"", ""value"": ""952191702"", ""confidence_score"": ""0.90""}, {""label"": ""ip_address"", ""value"": ""LHskETlUJn2r6WhN2nzB17IUrTRekr41E4"", ""confidence_score"": ""0.85""}, {""label"": ""ssn"", ""value"": ""303897479"", ""confidence_score"": ""0.80""}]",,"```json
[
  {""label"": ""mrn"", ""value"": ""952191702"", ""confidence_score"": ""0.90""},
  {""label"": ""ip_address"", ""value"": ""LHskETlUJn2r6WhN2nzB17IUrTRekr41E4"", ""confidence_score"": ""0.85""},
  {""label"": ""ssn"", ""value"": ""303897479"", ""confidence_score"": ""0.80""}
]
```",1
"Sottoposto a valutazione individuale per Santanu Llana. Notevoli progressi nello sviluppo olistico, specialmente in Stage. Pagamento effettuato tramite Banca Mediolanum, importo in Euro verificato. Contatto all'indirizzo S@gmail.com per ulteriori dettagli.",1,0.9,2,"[{""label"": ""name"", ""value"": ""Santanu Llana"", ""confidence_score"": ""0.90""}, {""label"": ""email"", ""value"": ""S@gmail.com"", ""confidence_score"": ""0.85""}]",,"```json
[
  {""label"": ""name"",    ""value"": ""Santanu Llana"",   ""confidence_score"": ""0.90""},
  {""label"": ""email"",   ""value"": ""S@gmail.com"",     ""confidence_score"": ""0.85""}
]
```",1
"Salut Zaryab, besoin d'aide pour la vérification des numéros de permis sur les infractions animales? Voiture immatriculée LG-420-FE.",1,0.9,2,"[{""label"": ""name"", ""value"": ""Zaryab"", ""confidence_score"": ""0.85""}, {""label"": ""license"", ""value"": ""LG-420-FE"", ""confidence_score"": ""0.90""}]",,"```json
[
  {""label"": ""name"",    ""value"": ""Zaryab"",     ""confidence_score"": ""0.85""},
  {""label"": ""license"", ""value"": ""LG-420-FE"",  ""confidence_score"": ""0.90""}
]
```",1
Sto cercando di migliorare la mia pratica integrando varie tecniche. Qualche suggerimento? Puoi inviare i dettagli su [IPV6_3].,1,0.6,1,"[{""label"": ""ip_address"", ""value"": ""[IPV6_3]"", ""confidence_score"": ""0.60""}]",,"```json
[
  {""label"": ""ip_address"", ""value"": ""[IPV6_3]"", ""confidence_score"": ""0.60""}
]
```",0
"Stimato RIF-201802-7398, durante il nostro prossimo seminario, discuteremo l'impatto psicologico del lutto in CH utilizzando le metriche 0.5m e LnuiJfZDd3acbGuJcf94Oi1BCbSiIlCBkr. Attendo un tuo feedback sullo studio.",1,0.9,2,"[{""label"": ""ssn"", ""value"": ""RIF-201802-7398"", ""confidence_score"": ""0.85""}, {""label"": ""url"", ""value"": ""LnuiJfZDd3acbGuJcf94Oi1BCbSiIlCBkr"", ""confidence_score"": ""0.90""}]",,"```json
[
  {""label"": ""ssn"", ""value"": ""RIF-201802-7398"", ""confidence_score"": ""0.85""},
  {""label"": ""url"", ""value"": ""LnuiJfZDd3acbGuJcf94Oi1BCbSiIlCBkr"", ""confidence_score"": ""0.90""}
]
```",0
"<div>Polis Nummer:NL NL 4887 U139 <br>Telefoonnr:+31 82-276 5794 <br>Verstrekk tijd:7h <br>Leeftijd:66 <br>Adres:Speulderbosweg, 3886 AP Barneveld <br>Geslacht:Vrouw<br>IP:[IPV4_42]</div>",1,0.98,4,"[{""label"": ""passport"", ""value"": ""NL NL 4887 U139"", ""confidence_score"": ""0.98""}, {""label"": ""phone"", ""value"": ""+31 82-276 5794"", ""confidence_score"": ""0.95""}, {""label"": ""address"", ""value"": ""Speulderbosweg, 3886 AP Barneveld"", ""confidence_score"": ""0.90""}, {""label"": ""ip_address"", ""value"": ""[IPV4_42]"", ""confidence_score"": ""0.85""}]",,"```json
[
  {""label"": ""passport"", ""value"": ""NL NL 4887 U139"", ""confidence_score"": ""0.98""},
  {""label"": ""phone"",    ""value"": ""+31 82-276 5794"", ""confidence_score"": ""0.95""},
  {""label"": ""address"",  ""value"": ""Speulderbosweg, 3886 AP Barneveld"", ""confidence_score"": ""0.90""},
  {""label"": ""ip_address"",""value"": ""[IPV4_42]"", ""confidence_score"": ""0.85""}
]
```",1
"Salut Artijola, peux-tu vérifier le planning de demain? On doit être au 38 à 1h. - [Username_2]",1,0.85,2,"[{""label"": ""name"", ""value"": ""Artijola"", ""confidence_score"": ""0.85""}, {""label"": ""address"", ""value"": ""le 38"", ""confidence_score"": ""0.60""}]",,"```json
[
  {""label"": ""name"",    ""value"": ""Artijola"",   ""confidence_score"": ""0.85""},
  {""label"": ""address"", ""value"": ""le 38"",       ""confidence_score"": ""0.60""}
]
```",1
"Guten Tag togetreu, bitte überprüfe die Versicherungsnummer DEDEYGL0905 bis heute Nachmittag.",1,0.85,1,"[{""label"": ""national_id"", ""value"": ""DEDEYGL0905"", ""confidence_score"": ""0.85""}]",,"```json
[
  {""label"": ""national_id"", ""value"": ""DEDEYGL0905"", ""confidence_score"": ""0.85""}
]
```",1
"Hé Tayeba, tu as le numéro de passeport de 083661636624156403? J'en ai besoin pour l'enregistrement de l'assurance santé.",1,0.98,1,"[{""label"": ""passport"", ""value"": ""083661636624156403"", ""confidence_score"": ""0.98""}]",,"```json
[
  {""label"": ""passport"", ""value"": ""083661636624156403"", ""confidence_score"": ""0.98""}
]
```",1
"Para completar nuestro estudio sobre la percepción táctil, por favor revisa el informe en https://hnos.com/. Tu acceso está autorizado con K3239643P.",1,0.98,1,"[{""label"": ""url"", ""value"": ""https://hnos.com/"", ""confidence_score"": ""0.98""}]",,"```json
[
  {""label"": ""url"", ""value"": ""https://hnos.com/"", ""confidence_score"": ""0.98""}
]
```",1
"On doit sécuriser cette session avec ce chiffre masqué 759594533789, tu l'as?",1,0.85,1,"[{""label"": ""credit_card"", ""value"": ""759594533789"", ""confidence_score"": ""0.85""}]",,"```json
[
  {""label"": ""credit_card"", ""value"": ""759594533789"", ""confidence_score"": ""0.85""}
]
```",0
"Para iniciar el proceso de mitigación de riesgos, necesitamos el 3LPHAxhKPwIts3zsU0pekTJKtOVrTUldT6 y el ES1195176271078740393635.",1,0.9,2,"[{""label"": ""license"", ""value"": ""3LPHAxhKPwIts3zsU0pekTJKtOVrTUldT6"", ""confidence_score"": ""0.85""}, {""label"": ""tax_id"", ""value"": ""ES1195176271078740393635"", ""confidence_score"": ""0.90""}]",,"```json
[
  {""label"": ""license"", ""value"": ""3LPHAxhKPwIts3zsU0pekTJKtOVrTUldT6"", ""confidence_score"": ""0.85""},
  {""label"": ""tax_id"", ""value"": ""ES1195176271078740393635"", ""confidence_score"": ""0.90""}
]
```",0
Bonjour! Pouvez-vous nous indiquer votre date de naissance? 2008-09-10T00:00:00,1,0.98,1,"[{""label"": ""dob"", ""value"": ""2008-09-10T00:00:00"", ""confidence_score"": ""0.98""}]",,"```json
[
  {""label"": ""dob"", ""value"": ""2008-09-10T00:00:00"", ""confidence_score"": ""0.98""}
]
```",1
"Guten Morgen, hat jemand den Ausflug nach NI? Brauche die Packliste, die sagt, man soll seinen H49T3862R mitnehmen.",1,0.85,1,"[{""label"": ""passport"", ""value"": ""H49T3862R"", ""confidence_score"": ""0.85""}]",,"```json
[
  {""label"": ""passport"", ""value"": ""H49T3862R"", ""confidence_score"": ""0.85""}
]
```",0
"Hey Majkut, vérifiez les dernières données reçus pour Wünnewil-Flamatt sur 6274466.",1,0.85,3,"[{""label"": ""username"", ""value"": ""Majkut"", ""confidence_score"": ""0.85""}, {""label"": ""address"", ""value"": ""Wünnewil-Flamatt"", ""confidence_score"": ""0.75""}, {""label"": ""phone"", ""value"": ""6274466"", ""confidence_score"": ""0.80""}]",,"```json
[
  {""label"": ""username"", ""value"": ""Majkut"", ""confidence_score"": ""0.85""},
  {""label"": ""address"", ""value"": ""Wünnewil-Flamatt"", ""confidence_score"": ""0.75""},
  {""label"": ""phone"", ""value"": ""6274466"", ""confidence_score"": ""0.80""}
]
```",1
"Hallo, ich teste gerade verschiedene Verhaltensmanagement-Tools. Welches benutzt ihr?",0,0.0,0,[],,"```json
[]
```",0
<p>Le numéro de téléphone (83).1126.8102 doit être mis à jour pour assurer la sécurité des transactions sur le numéro de compte 0506990704011405022477.</p>,1,0.95,2,"[{""label"": ""phone"", ""value"": ""(83).1126.8102"", ""confidence_score"": ""0.90""}, {""label"": ""bank_account"", ""value"": ""0506990704011405022477"", ""confidence_score"": ""0.95""}]",,"```json
[
  {""label"": ""phone"",   ""value"": ""(83).1126.8102"",    ""confidence_score"": ""0.90""},
  {""label"": ""bank_account"", ""value"": ""0506990704011405022477"", ""confidence_score"": ""0.95""}
]
```",1
Il tuo ID: UPJ308028F sarà necessario per completare la revisione dei contratti. Assicurati che il sistema riconosca anche il tuo indirizzo IP: [IPV4_1].,1,0.9,2,"[{""label"": ""username"", ""value"": ""UPJ308028F"", ""confidence_score"": ""0.90""}, {""label"": ""ip_address"", ""value"": ""[IPV4_1]"", ""confidence_score"": ""0.85""}]",,"```json
[
  {""label"": ""username"", ""value"": ""UPJ308028F"", ""confidence_score"": ""0.90""},
  {""label"": ""ip_address"", ""value"": ""[IPV4_1]"", ""confidence_score"": ""0.85""}
]
```",1
Es fehlen noch Informationen zu der Stadt Val-de-Ruz.,0,0.0,0,[],,"```json
[]
```",1
<p>Email : moxyqsryoluh45@outlook.com</p><p>Nom de famille : Razafimahatratra</p><p>Numéro de compte : 433376302</p><p>Numéro de téléphone : 158254182631237</p><p>Numéro de bâtiment : 10</p><p>Adresse secondaire : Studio 186</p>,1,0.99,4,"[{""label"": ""email"", ""value"": ""moxyqsryoluh45@outlook.com"", ""confidence_score"": ""0.99""}, {""label"": ""name"", ""value"": ""Razafimahatratra"", ""confidence_score"": ""0.85""}, {""label"": ""bank_account"", ""value"": ""433376302"", ""confidence_score"": ""0.90""}, {""label"": ""phone"", ""value"": ""158254182631237"", ""confidence_score"": ""0.95""}]",,"```json
[
  {""label"": ""email"", ""value"": ""moxyqsryoluh45@outlook.com"", ""confidence_score"": ""0.99""},
  {""label"": ""name"", ""value"": ""Razafimahatratra"", ""confidence_score"": ""0.85""},
  {""label"": ""bank_account"", ""value"": ""433376302"", ""confidence_score"": ""0.90""},
  {""label"": ""phone"", ""value"": ""158254182631237"", ""confidence_score"": ""0.95""}
]
```",1
Risolvi il problema con l'URL https://lewis.com/. È urgente!,1,0.99,1,"[{""label"": ""url"", ""value"": ""https://lewis.com/"", ""confidence_score"": ""0.99""}]",,"```json
[
  {""label"": ""url"", ""value"": ""https://lewis.com/"", ""confidence_score"": ""0.99""}
]
```",0
"Hola, tengo una consulta urgente sobre mi poliza de seguro de auto. Mi número de seguro social es 396340912363 y mi altura es 185 cm.",1,0.99,1,"[{""label"": ""ssn"", ""value"": ""396340912363"", ""confidence_score"": ""0.99""}]",,"```json
[
  {""label"": ""ssn"", ""value"": ""396340912363"", ""confidence_score"": ""0.99""}
]
```",1
"Hi, benötige die Evaluierung zu den Gesundheitskosten. Ist der IBAN CH 6972 1988 4880 7291 9 korrekt?",1,0.98,1,"[{""label"": ""bank_account"", ""value"": ""CH 6972 1988 4880 7291 9"", ""confidence_score"": ""0.98""}]",,"```json
[
  {""label"": ""bank_account"", ""value"": ""CH 6972 1988 4880 7291 9"", ""confidence_score"": ""0.98""}
]
```",0
"<div>Juan-Pedro è nato il aprile 16º, 2012. Colori degli occhi: Ambra. Seguire la dieta prescritta e riportare i livelli di zucchero a 18:00. Nessuna attività fisica pesante. Numero fiscale: IT27404950719.</div>",1,0.9,2,"[{""label"": ""dob"", ""value"": ""aprile 16º, 2012"", ""confidence_score"": ""0.85""}, {""label"": ""tax_id"", ""value"": ""IT27404950719"", ""confidence_score"": ""0.90""}]",,"```json
[
  {""label"": ""dob"",     ""value"": ""aprile 16º, 2012"", ""confidence_score"": ""0.85""},
  {""label"": ""tax_id"",  ""value"": ""IT27404950719"",    ""confidence_score"": ""0.90""}
]
```",1
"Immediate action required Masculine, ensure intervention model data from Operations is synced via 08:fa:87:1d:cb:7f. Query [IPV6_1] discrepancies with abdiaziz.pötschke@outlook.com.",1,0.98,2,"[{""label"": ""ip_address"", ""value"": ""08:fa:87:1d:cb:7f"", ""confidence_score"": ""0.85""}, {""label"": ""email"", ""value"": ""abdiaziz.pötschke@outlook.com"", ""confidence_score"": ""0.98""}]",,"```json
[
  {""label"": ""ip_address"", ""value"": ""08:fa:87:1d:cb:7f"", ""confidence_score"": ""0.85""},
  {""label"": ""email"",      ""value"": ""abdiaziz.pötschke@outlook.com"", ""confidence_score"": ""0.98""}
]
```",1
"Hello Chandra, any thoughts on the Masculine targeted services at Rocket Mortgage?",1,0.85,1,"[{""label"": ""name"", ""value"": ""Chandra"", ""confidence_score"": ""0.85""}]",,"```json
[
  {""label"": ""name"", ""value"": ""Chandra"", ""confidence_score"": ""0.85""}
]
```",1
"Drone Incident Report<br>Date: 29/01/1982<br>Location: Trinity<br>Incident Time: 8 AM<br>Operator Ref: 2009benisa.komatovic<br>Summary: Drone lost communication and crashed at [31.03, -95.4037]. Liability and damage evaluations are in progress.",1,0.9,2,"[{""label"": ""dob"", ""value"": ""29/01/1982"", ""confidence_score"": ""0.85""}, {""label"": ""username"", ""value"": ""2009benisa.komatovic"", ""confidence_score"": ""0.90""}]",,"```json
[
  {""label"": ""dob"", ""value"": ""29/01/1982"", ""confidence_score"": ""0.85""},
  {""label"": ""username"", ""value"": ""2009benisa.komatovic"", ""confidence_score"": ""0.90""}
]
```",1
"Ti serve un aggiornamento dal forum pediatrico strategico su Mozilla/5.0 (iPad; CPU iPad OS 10_3_4 like Mac OS X) AppleWebKit/533.0 (KHTML, like Gecko) FxiOS/13.3f9213.0 Mobile/97D399 Safari/533.0 in uso?",1,0.85,1,"[{""label"": ""ip_address"", ""value"": ""Mozilla/5.0 (iPad; CPU iPad OS 10_3_4 like Mac OS X) AppleWebKit/533.0 (KHTML, like Gecko) FxiOS/13.3f9213.0 Mobile/97D399 Safari/533.0"", ""confidence_score"": ""0.85""}]",,"```json
[
  {""label"": ""ip_address"", ""value"": ""Mozilla/5.0 (iPad; CPU iPad OS 10_3_4 like Mac OS X) AppleWebKit/533.0 (KHTML, like Gecko) FxiOS/13.3f9213.0 Mobile/97D399 Safari/533.0"", ""confidence_score"": ""0.85""}
]
```",0
"Incidente reportado por Opera/9.37.(Windows NT 5.01; bem-ZM) Presto/2.9.164 Version/10.00, dirección Barrio del Campo. Número de licencia: N95335845. Coordenadas geográficas del incidente: [43.39862, -3.96506]. Referencia a la póliza: MIROBALLI581011ES.",1,0.9,2,"[{""label"": ""license"", ""value"": ""N95335845"", ""confidence_score"": ""0.90""}, {""label"": ""address"", ""value"": ""Barrio del Campo"", ""confidence_score"": ""0.85""}]",,"```json
[
  {""label"": ""license"", ""value"": ""N95335845"", ""confidence_score"": ""0.90""},
  {""label"": ""address"", ""value"": ""Barrio del Campo"", ""confidence_score"": ""0.85""}
]
```",1
Prestatieverslag voor 12585114: Goede presentatievaardigheden. Betaald bedrag: 576806. Aanvullende cursus in openbare voorlichting aanbevolen.,0,0.0,0,[],,"```json
[]
```
The input text does not contain any identifiable personal information based on the allowed labels provided. The number ""12585114"" could potentially be a student ID or some other identifier, but without additional context confirming its nature as PII, it cannot be confidently labeled. Similarly, ""576806"" appears to be an amount of money and is not inherently PII. Therefore, no PII is detected in this text.",0
Controleer het documentnummer OVER-201610-6161 en update de bedrijfswebsite op https://www.volcke.com/.,1,0.99,1,"[{""label"": ""url"", ""value"": ""https://www.volcke.com/"", ""confidence_score"": ""0.99""}]",,"```json
[
  {""label"": ""url"", ""value"": ""https://www.volcke.com/"", ""confidence_score"": ""0.99""}
]
```",0
<p>2    Data Breach Response Plan    Detailed plan specifying actions to be taken in the event of a data breach to minimize impact and ensure compliance with regulations. Monitor [IPV4_1] for unusual activities. Flag any communications from [IPV6_1] or http://raedel.org/. Contact Faust for further instructions.</p>,1,0.85,3,"[{""label"": ""ip_address"", ""value"": ""[IPV4_1]"", ""confidence_score"": ""0.60""}, {""label"": ""ip_address"", ""value"": ""[IPV6_1]"", ""confidence_score"": ""0.60""}, {""label"": ""url"", ""value"": ""http://raedel.org/"", ""confidence_score"": ""0.85""}]",,"```json
[
  {""label"": ""ip_address"", ""value"": ""[IPV4_1]"", ""confidence_score"": ""0.60""},
  {""label"": ""ip_address"", ""value"": ""[IPV6_1]"", ""confidence_score"": ""0.60""},
  {""label"": ""url"",        ""value"": ""http://raedel.org/"", ""confidence_score"": ""0.85""}
]
```",0
"Data: 24/06/2052
Nome: Avyan Hanhardt
Sesso: Altro
Organizzazione: Davis and Sons
Numero di tasse: CHE-962041477
Password: 3kvX.",1,0.95,3,"[{""label"": ""dob"", ""value"": ""24/06/2052"", ""confidence_score"": ""0.85""}, {""label"": ""name"", ""value"": ""Avyan Hanhardt"", ""confidence_score"": ""0.90""}, {""label"": ""tax_id"", ""value"": ""CHE-962041477"", ""confidence_score"": ""0.95""}]",,"```json
[
  {""label"": ""dob"",     ""value"": ""24/06/2052"", ""confidence_score"": ""0.85""},
  {""label"": ""name"",    ""value"": ""Avyan Hanhardt"", ""confidence_score"": ""0.90""},
  {""label"": ""tax_id"",  ""value"": ""CHE-962041477"", ""confidence_score"": ""0.95""}
]
```",1
He actualizado el sistema con las nuevas fotos. Asegúrate de revisar en el correo de muzaffer1948@yahoo.com.,1,0.99,1,"[{""label"": ""email"", ""value"": ""muzaffer1948@yahoo.com"", ""confidence_score"": ""0.99""}]",,"```json
[
  {""label"": ""email"", ""value"": ""muzaffer1948@yahoo.com"", ""confidence_score"": ""0.99""}
]
```",1
Follow up on the 558-61-6615 usage flagged by our systems. Issue reported on 09/07/2051.,1,0.99,1,"[{""label"": ""ssn"", ""value"": ""558-61-6615"", ""confidence_score"": ""0.99""}]",,"```json
[
  {""label"": ""ssn"", ""value"": ""558-61-6615"", ""confidence_score"": ""0.99""}
]
```",1
"Devi aggiornare il numero di banca Ticino Cantonal Bank e il BIC, XNLMUSI79TH, nel sistema cliccando su http://http://murphy-garcia.com/.",1,0.95,3,"[{""label"": ""bank_account"", ""value"": ""Ticino Cantonal Bank"", ""confidence_score"": ""0.85""}, {""label"": ""routing_number"", ""value"": ""XNLMUSI79TH"", ""confidence_score"": ""0.90""}, {""label"": ""url"", ""value"": ""http://murphy-garcia.com/"", ""confidence_score"": ""0.95""}]",,"```json
[
  {""label"": ""bank_account"", ""value"": ""Ticino Cantonal Bank"", ""confidence_score"": ""0.85""},
  {""label"": ""routing_number"", ""value"": ""XNLMUSI79TH"", ""confidence_score"": ""0.90""},
  {""label"": ""url"", ""value"": ""http://murphy-garcia.com/"", ""confidence_score"": ""0.95""}
]
```",0
"Ciao Debolina, le abitudini digitali di Debolina richiedono attenzione: DD@outlook.com",1,0.98,1,"[{""label"": ""email"", ""value"": ""DD@outlook.com"", ""confidence_score"": ""0.98""}]",,"```json
[
  {""label"": ""email"", ""value"": ""DD@outlook.com"", ""confidence_score"": ""0.98""}
]
```",1
"Guten Tag [OURNAME_1], bitte bestätige deine Teilnahme an [SEX_1] Therapiegruppen in [CITY_1]. Sende uns den [ACCOUNTNUM_1] und versichere, dass [GEOCOORD_1] korrekt ist.",0,0.0,0,[],,"```json
[]
```

Explanation:
- The input text contains placeholders like `[OURNAME_1]`, `[SEX_1]`, `[CITY_1]`, `[ACCOUNTNUM_1]`, and `[GEOCOORD_1]`. These are not actual PII values but rather template markers.
- Since no real personally identifiable information is present in the text, the output is an empty array.",0
<p>Umsetzung von Maßnahmen in Route de Javerne für Netsereab zur Förderung von Sozialverhalten. Zahlungsschema in Review inkl. Zahlung über Waadtländer Kantonalbank und Nutzung der Kreditkartennummer 6055209654636143.</p>,1,1.0,2,"[{""label"": ""address"", ""value"": ""Route de Javerne"", ""confidence_score"": ""0.85""}, {""label"": ""credit_card"", ""value"": ""6055209654636143"", ""confidence_score"": ""1.00""}]",,"```json
[
  {""label"": ""address"", ""value"": ""Route de Javerne"", ""confidence_score"": ""0.85""},
  {""label"": ""credit_card"", ""value"": ""6055209654636143"", ""confidence_score"": ""1.00""}
]
```",1
Hello! T’es au courant de l’innovation blockchain pour les cartes MAESTRO? Le site https://www.valentin.fr/ en parle à fond. On en cause ce soir à 23:11?,1,0.98,1,"[{""label"": ""url"", ""value"": ""https://www.valentin.fr/"", ""confidence_score"": ""0.98""}]",,"```json
[
  {""label"": ""url"", ""value"": ""https://www.valentin.fr/"", ""confidence_score"": ""0.98""}
]
```",0
"Hey Sujittra, alles geregeld voor de afspraak op 21e juli 1944? Neem uw 702215311 mee.",1,0.9,2,"[{""label"": ""name"", ""value"": ""Sujittra"", ""confidence_score"": ""0.85""}, {""label"": ""phone"", ""value"": ""702215311"", ""confidence_score"": ""0.90""}]",,"```json
[
  {""label"": ""name"",    ""value"": ""Sujittra"",   ""confidence_score"": ""0.85""},
  {""label"": ""phone"",   ""value"": ""702215311"",  ""confidence_score"": ""0.90""}
]
```",1
"The last transaction on card 648257182082685410 with 75,707.68 needs 10336.",1,0.99,1,"[{""label"": ""credit_card"", ""value"": ""648257182082685410"", ""confidence_score"": ""0.99""}]",,"```json
[
  {""label"": ""credit_card"", ""value"": ""648257182082685410"", ""confidence_score"": ""0.99""}
]
```",1
"Hoi nashaaharbao1966, kunnen we samen een nieuwe inclusieve wervingscampagne ontwikkelen? Ik zou graag je input willen. - nashaat.harbaoui10@yahoo.com",1,0.98,2,"[{""label"": ""username"", ""value"": ""nashaaharbao1966"", ""confidence_score"": ""0.90""}, {""label"": ""email"", ""value"": ""nashaat.harbaoui10@yahoo.com"", ""confidence_score"": ""0.98""}]",,"```json
[
  {""label"": ""username"", ""value"": ""nashaaharbao1966"", ""confidence_score"": ""0.90""},
  {""label"": ""email"",    ""value"": ""nashaat.harbaoui10@yahoo.com"", ""confidence_score"": ""0.98""}
]
```",1
"Environmental Incident at 94920. Logged by Mstr Rejal. Crew Age: 45, gender: Non-binary, vehicle verified with VIN: RZ630UZV1H31XCXDM. Financials: ETH - 0x88be566c3e76db0b726b1e52a262e6bac1d301e4, BIC: WTEAUS6B2O1. Approval PIN: 03737. Incident INV-202212-4705.",1,0.95,6,"[{""label"": ""name"", ""value"": ""Mstr Rejal"", ""confidence_score"": ""0.85""}, {""label"": ""address"", ""value"": ""94920"", ""confidence_score"": ""0.90""}, {""label"": ""ssn"", ""value"": ""RZ630UZV1H31XCXDM"", ""confidence_score"": ""0.70""}, {""label"": ""bank_account"", ""value"": ""0x88be566c3e76db0b726b1e52a262e6bac1d301e4"", ""confidence_score"": ""0.95""}, {""label"": ""routing_number"", ""value"": ""WTEAUS6B2O1"", ""confidence_score"": ""0.80""}, {""label"": ""credit_card"", ""value"": ""03737"", ""confidence_score"": ""0.60""}]",,"```json
[
  {""label"": ""name"",    ""value"": ""Mstr Rejal"",   ""confidence_score"": ""0.85""},
  {""label"": ""address"", ""value"": ""94920"",        ""confidence_score"": ""0.90""},
  {""label"": ""ssn"",     ""value"": ""RZ630UZV1H31XCXDM"", ""confidence_score"": ""0.70""}, 
  {""label"": ""bank_account"", ""value"": ""0x88be566c3e76db0b726b1e52a262e6bac1d301e4"", ""confidence_score"": ""0.95""},
  {""label"": ""routing_number"", ""value"": ""WTEAUS6B2O1"", ""confidence_score"": ""0.80""},
  {""label"": ""credit_card"", ""value"": ""03737"", ""confidence_score"": ""0.60""}
]
```",1
"Risk assessment for Azael: displayed signs of self-harm on October/19 around 3 AM. Located at IP19, ENG. Level of concern high as per 354. Client's [IPV4_1] supports account 2448. Follow-up required by Radio producer.",1,0.7,2,"[{""label"": ""ip_address"", ""value"": ""IP19"", ""confidence_score"": ""0.60""}, {""label"": ""ip_address"", ""value"": ""[IPV4_1]"", ""confidence_score"": ""0.70""}]",,"```json
[
  {""label"": ""ip_address"", ""value"": ""IP19"", ""confidence_score"": ""0.60""},
  {""label"": ""ip_address"", ""value"": ""[IPV4_1]"", ""confidence_score"": ""0.70""}
]
```",1
"Het voorstel, uitgevoerd door Centraal Boekhuis, benadrukt het gebruik van 48:b4:cf:c8:d3:45 om verbindingen te controleren en zorgt ervoor dat Zuidwest-gerelateerde wijzigingen worden bijgehouden.",1,0.98,1,"[{""label"": ""ip_address"", ""value"": ""48:b4:cf:c8:d3:45"", ""confidence_score"": ""0.98""}]",,"```json
[
  {""label"": ""ip_address"", ""value"": ""48:b4:cf:c8:d3:45"", ""confidence_score"": ""0.98""}
]
```",0
"<div>Geriatric Plan: Patient Female with ID 28343658534 in [35.67, -114.96]</div><div>Financial Balances: 13.07b</div><div>Crypto Wallets: LgScyc5GXqpEFfZsNglTvc3YhUWSuBVnnv</div><div>Emergency Protocol: PIN 58392</div><div>Organisation Contact: Thomas, Davis and Johnson</div>",1,0.85,2,"[{""label"": ""mrn"", ""value"": ""28343658534"", ""confidence_score"": ""0.85""}, {""label"": ""ip_address"", ""value"": ""[35.67, -114.96]"", ""confidence_score"": ""0.60""}]",,"```json
[
  {""label"": ""mrn"", ""value"": ""28343658534"", ""confidence_score"": ""0.85""},
  {""label"": ""ip_address"", ""value"": ""[35.67, -114.96]"", ""confidence_score"": ""0.60""}
]
```",1
"Salve, il mio saldo non sembra corretto. Puoi verificare? Il mio saldo attuale dovrebbe essere 719201.",1,0.85,1,"[{""label"": ""bank_account"", ""value"": ""719201"", ""confidence_score"": ""0.85""}]",,"```json
[
  {""label"": ""bank_account"", ""value"": ""719201"", ""confidence_score"": ""0.85""}
]
```",0
We need your date of birth 10/12/2011 to ensure eligibility for the competition bracket.,1,0.98,1,"[{""label"": ""dob"", ""value"": ""10/12/2011"", ""confidence_score"": ""0.98""}]",,"```json
[
  {""label"": ""dob"", ""value"": ""10/12/2011"", ""confidence_score"": ""0.98""}
]
```",1
"Madame Coscino, merci de confirmer votre âge : 80, votre ville : Campsas et votre numéro de téléphone : +33-15 312 4202 pour l'autorisation du traitement.",1,0.95,4,"[{""label"": ""name"", ""value"": ""Madame Coscino"", ""confidence_score"": ""0.90""}, {""label"": ""dob"", ""value"": ""80"", ""confidence_score"": ""0.70""}, {""label"": ""address"", ""value"": ""Campsas"", ""confidence_score"": ""0.85""}, {""label"": ""phone"", ""value"": ""+33-15 312 4202"", ""confidence_score"": ""0.95""}]",,"```json
[
  {""label"": ""name"",    ""value"": ""Madame Coscino"", ""confidence_score"": ""0.90""},
  {""label"": ""dob"",     ""value"": ""80"",             ""confidence_score"": ""0.70""},
  {""label"": ""address"", ""value"": ""Campsas"",        ""confidence_score"": ""0.85""},
  {""label"": ""phone"",   ""value"": ""+33-15 312 4202"", ""confidence_score"": ""0.95""}
]
```",1
"Mein Berater meinte, dass die Wasserrechte in Schweiz bis Ende des Jahres reformiert werden könnten. Was meinst du?",0,0.0,0,[],,"```json
[]
```",0
"Hi Caoimhe, your session for Volunteer therapy on +40.93-829 2244 is confirmed.",1,0.9,2,"[{""label"": ""name"", ""value"": ""Caoimhe"", ""confidence_score"": ""0.85""}, {""label"": ""phone"", ""value"": ""+40.93-829 2244"", ""confidence_score"": ""0.90""}]",,"```json
[
  {""label"": ""name"",    ""value"": ""Caoimhe"",   ""confidence_score"": ""0.85""},
  {""label"": ""phone"",   ""value"": ""+40.93-829 2244"", ""confidence_score"": ""0.90""}
]
```",1
"Vérifie ton RDV prévu, date: 2048-03-23T00:00:00. Info IP: [IPV4_5]. Passe ton médecin.",1,0.9,2,"[{""label"": ""dob"", ""value"": ""2048-03-23T00:00:00"", ""confidence_score"": ""0.85""}, {""label"": ""ip_address"", ""value"": ""[IPV4_5]"", ""confidence_score"": ""0.90""}]",,"```json
[
  {""label"": ""dob"",     ""value"": ""2048-03-23T00:00:00"", ""confidence_score"": ""0.85""},
  {""label"": ""ip_address"", ""value"": ""[IPV4_5]"",          ""confidence_score"": ""0.90""}
]
```",0
"<p>Stabilisci routine di sicurezza e segui practice migliori sui dispositivi digitali usati dai bambini. Proteggi dati come Ravenna, il loro 38, e FATT-201712-9015 con strumenti avanzati di sicurezza. Non rivelare mai dettagli come OP640LJ.</p>",1,0.9,3,"[{""label"": ""name"", ""value"": ""Ravenna"", ""confidence_score"": ""0.85""}, {""label"": ""ssn"", ""value"": ""FATT-201712-9015"", ""confidence_score"": ""0.90""}, {""label"": ""license"", ""value"": ""OP640LJ"", ""confidence_score"": ""0.80""}]",,"```json
[
  {""label"": ""name"",    ""value"": ""Ravenna"",   ""confidence_score"": ""0.85""},
  {""label"": ""ssn"",     ""value"": ""FATT-201712-9015"", ""confidence_score"": ""0.90""},
  {""label"": ""license"", ""value"": ""OP640LJ"",   ""confidence_score"": ""0.80""}
]
```",1
Haben wir die Aufnahmen gesichert? Verwende dafür bitte die MAC-Adresse 30:a5:1d:b4:63:51.,1,0.85,1,"[{""label"": ""ip_address"", ""value"": ""30:a5:1d:b4:63:51"", ""confidence_score"": ""0.85""}]",,"```json
[
  {""label"": ""ip_address"", ""value"": ""30:a5:1d:b4:63:51"", ""confidence_score"": ""0.85""}
]
```",0
Examen de l'utilisation des ressources. Nom d'utilisateur: gavliaaplyte8519. Plaque de véhicule: 757 0NB.,0,0.0,0,[],,"```json
[]
```
Explanation: The input text contains a username and a vehicle license plate number, but neither of these fall under the allowed PII labels specified for detection (name, username, email, phone, address, dob, ssn, passport, license, credit_card, bank_account, routing_number, tax_id, national_id, student_id, ip_address, url, mrn). Therefore, no PII is detected according to the given criteria.",1
"Hey Karacoban, include the security clause for https://www.terry-livingston.org/ access in the strategy doc.",1,1.0,2,"[{""label"": ""username"", ""value"": ""Karacoban"", ""confidence_score"": ""0.85""}, {""label"": ""url"", ""value"": ""https://www.terry-livingston.org/"", ""confidence_score"": ""1.00""}]",,"```json
[
  {""label"": ""username"", ""value"": ""Karacoban"", ""confidence_score"": ""0.85""},
  {""label"": ""url"",      ""value"": ""https://www.terry-livingston.org/"", ""confidence_score"": ""1.00""}
]
```",1
"<p>Il nuovo piano di miglioramento della gestione prevede l'uso delle coordinate [39.23, 9.1] per l'analisi delle operazioni sul territorio.</p>",1,0.85,1,"[{""label"": ""ip_address"", ""value"": ""[39.23, 9.1]"", ""confidence_score"": ""0.85""}]",,"```json
[
  {""label"": ""ip_address"", ""value"": ""[39.23, 9.1]"", ""confidence_score"": ""0.85""}
]
```",0
"Geachte mevrouw/meneer, ik vraag om een heroverweging van het genomen besluit m.b.t. mijn Verkoop werkzaamheden. Mijn naam is Böckle, identificatie: 988152157, Boxmeer Boxmeer, Nederland. De genomen maatregel heeft grote gevolgen voor mij en ik vraag om een herziening.",1,0.9,2,"[{""label"": ""name"", ""value"": ""Böckle"", ""confidence_score"": ""0.90""}, {""label"": ""national_id"", ""value"": ""988152157"", ""confidence_score"": ""0.85""}]",,"```json
[
  {""label"": ""name"",    ""value"": ""Böckle"",     ""confidence_score"": ""0.90""},
  {""label"": ""national_id"", ""value"": ""988152157"", ""confidence_score"": ""0.85""}
]
```",1
Assicurati di controllare l'indirizzo IP [IPV4_4] nella pratica del cliente di Gonten. Hanno richiesto l'aggiunta di un nuovo veicolo 882TJB.,1,0.6,1,"[{""label"": ""ip_address"", ""value"": ""[IPV4_4]"", ""confidence_score"": ""0.60""}]",,"```json
[
  {""label"": ""ip_address"", ""value"": ""[IPV4_4]"", ""confidence_score"": ""0.60""}
]
```",1
"<p>Non-conformité aux codes de construction</p><p>Chèr(e) IT,</p><p>Il a été constaté que votre immeuble à 26460 est en violation des codes de construction. Adresse IPV4: [IPV4_1], MAC: 04:31:51:22:5d:ec.</p>",1,0.85,2,"[{""label"": ""address"", ""value"": ""26460"", ""confidence_score"": ""0.85""}, {""label"": ""ip_address"", ""value"": ""[IPV4_1]"", ""confidence_score"": ""0.70""}]",,"```json
[
  {""label"": ""address"", ""value"": ""26460"", ""confidence_score"": ""0.85""},
  {""label"": ""ip_address"", ""value"": ""[IPV4_1]"", ""confidence_score"": ""0.70""}
]
```",1
Mijn documentnummer FACT-202112-2696 lijkt incorrect te zijn geregistreerd. Kunt u het controleren?,0,0.0,0,[],,"```json
[]
```
Explanation: The input text contains a reference to a ""document number"" which does not match any of the allowed PII labels such as passport, license, or national_id. Therefore, no PII is detected according to the specified criteria.",0
"Ciao dozfxyyksvumuktz899119, verifica il veicolo VIN CCWTG8916EMFE0ZMR e conferma l'importo: 303k nel conto: Conto di Trading.",1,0.95,2,"[{""label"": ""username"", ""value"": ""dozfxyyksvumuktz899119"", ""confidence_score"": ""0.90""}, {""label"": ""license"", ""value"": ""CCWTG8916EMFE0ZMR"", ""confidence_score"": ""0.95""}]",,"```json
[
  {""label"": ""username"", ""value"": ""dozfxyyksvumuktz899119"", ""confidence_score"": ""0.90""},
  {""label"": ""license"", ""value"": ""CCWTG8916EMFE0ZMR"", ""confidence_score"": ""0.95""}
]
```",1
I tuoi occhi marroni Ambra sono stati letti correttamente nel riconoscimento facciale?,0,0.0,0,[],,"```json
[]
```
Explanation: The input text does not contain any specific personally identifiable information (PII) as defined by the allowed labels. It mentions a name, ""Ambra,"" but without additional context or details that would classify it under one of the specified PII categories such as email, phone number, address, etc. Therefore, no PII is detected in this text sample.",0
"Bonsoir Tusiama, merci d'envoyer le numéro de votre permis de conduire 0070116649.",1,0.9,1,"[{""label"": ""license"", ""value"": ""0070116649"", ""confidence_score"": ""0.90""}]",,"```json
[
  {""label"": ""license"", ""value"": ""0070116649"", ""confidence_score"": ""0.90""}
]
```",1
"Salut, j'ai réservé un hôtel à Lys-Haut-Layon pour la conférence de Thomas Parent SARL. Utilise la carte 341491043288495 avec expiration 12/2024 pour confirmer la réservation.",1,0.98,2,"[{""label"": ""credit_card"", ""value"": ""341491043288495"", ""confidence_score"": ""0.98""}, {""label"": ""name"", ""value"": ""Thomas Parent SARL"", ""confidence_score"": ""0.85""}]",,"```json
[
  {""label"": ""credit_card"", ""value"": ""341491043288495"", ""confidence_score"": ""0.98""},
  {""label"": ""name"",        ""value"": ""Thomas Parent SARL"", ""confidence_score"": ""0.85""}
]
```",1
"Ondertekening van deze verklaring bevestigt dat proefpersoon Nereida, wonend in ZH, bewust is van het risico van genetische bewerking. Locatie: Leidseweg, Leiderdorp.",1,0.85,1,"[{""label"": ""name"", ""value"": ""Nereida"", ""confidence_score"": ""0.85""}]",,"```json
[
  {""label"": ""name"",    ""value"": ""Nereida"",   ""confidence_score"": ""0.85""}
]
```",1
Quelqu'un la latbdé VR ? Bsn de asmd un 05611242753297081185.,1,0.98,1,"[{""label"": ""credit_card"", ""value"": ""05611242753297081185"", ""confidence_score"": ""0.98""}]",,"```json
[
  {""label"": ""credit_card"", ""value"": ""05611242753297081185"", ""confidence_score"": ""0.98""}
]
```",1
"Iljazoski, 83 
Goal: Stabilize recovery. 
Course: Enroll at 561, Lake Mead National Recreation Area. 
Monitoring: Weekly check-ins. 
Emergency Contact: 885036744143672.",1,0.9,2,"[{""label"": ""name"", ""value"": ""Iljazoski"", ""confidence_score"": ""0.85""}, {""label"": ""phone"", ""value"": ""885036744143672"", ""confidence_score"": ""0.90""}]",,"```json
[
  {""label"": ""name"",    ""value"": ""Iljazoski"",   ""confidence_score"": ""0.85""},
  {""label"": ""phone"",   ""value"": ""885036744143672"", ""confidence_score"": ""0.90""}
]
```",1
"<p>Rapports des divers comportements de l’élève. ID: I0501724872826. Vue sa résidence à Rue du Champ de Foire, les soucis actuels justifient une session comportementale spéciale. État émotionnel perturbé. Compte à Terme, contactér pour plus de détails.</p>",1,0.9,2,"[{""label"": ""student_id"", ""value"": ""I0501724872826"", ""confidence_score"": ""0.90""}, {""label"": ""address"", ""value"": ""Rue du Champ de Foire"", ""confidence_score"": ""0.85""}]",,"```json
[
  {""label"": ""student_id"", ""value"": ""I0501724872826"", ""confidence_score"": ""0.90""},
  {""label"": ""address"",    ""value"": ""Rue du Champ de Foire"", ""confidence_score"": ""0.85""}
]
```",1
"Évaluation santé pour employé: Livret Jeune. Adresse secondaire: Étage 464, direction NE.. Rôle actuel: Temps partiel. Pays de résidence FR. Vérifier http://henry.net/ pour plus d’infos. Numéro IBAN: FR68BDCHQ121JL75964474417, BIC: LKRTUS1P. Adresse Litecoin: LgOjcUpbPNB2gC8avfYBAI6ocK7BA8TzVL.",1,0.98,4,"[{""label"": ""address"", ""value"": ""Étage 464, direction NE"", ""confidence_score"": ""0.85""}, {""label"": ""url"", ""value"": ""http://henry.net/"", ""confidence_score"": ""0.98""}, {""label"": ""bank_account"", ""value"": ""FR68BDCHQ121JL75964474417"", ""confidence_score"": ""0.90""}, {""label"": ""routing_number"", ""value"": ""LKRTUS1P"", ""confidence_score"": ""0.80""}]",,"```json
[
  {""label"": ""address"", ""value"": ""Étage 464, direction NE"", ""confidence_score"": ""0.85""},
  {""label"": ""url"", ""value"": ""http://henry.net/"", ""confidence_score"": ""0.98""},
  {""label"": ""bank_account"", ""value"": ""FR68BDCHQ121JL75964474417"", ""confidence_score"": ""0.90""},
  {""label"": ""routing_number"", ""value"": ""LKRTUS1P"", ""confidence_score"": ""0.80""}
]
```",0
<p>Proposta di curriculum: introduzione all'educazione avanzata alla risoluzione dei problemi. Il corso è stato redatto con consultazione di esperti Temporaneo e Archivist. Si prevede un budget di Franco Svizzero0.188m per le infrastrutture.</p>,0,0.0,0,[],,"```json
[]
```",0
"Buongiorno, abbiamo bisogno delle tue nuove coordinate [47.2581, 9.21698] per completare il profilo della ricerca.",1,0.85,1,"[{""label"": ""ip_address"", ""value"": ""[47.2581, 9.21698]"", ""confidence_score"": ""0.85""}]",,"```json
[
  {""label"": ""ip_address"", ""value"": ""[47.2581, 9.21698]"", ""confidence_score"": ""0.85""}
]
```",0
"Bonjour Khalifeh, pensez-vous que le document TRANS-201908-6702 soit conforme? La réunion est programmée à 20h. Veuillez vérifier le lien: http://www.gaillard.fr/.",1,1.0,2,"[{""label"": ""name"", ""value"": ""Khalifeh"", ""confidence_score"": ""0.85""}, {""label"": ""url"", ""value"": ""http://www.gaillard.fr/"", ""confidence_score"": ""1.00""}]",,"```json
[
  {""label"": ""name"",    ""value"": ""Khalifeh"",   ""confidence_score"": ""0.85""},
  {""label"": ""url"",     ""value"": ""http://www.gaillard.fr/"", ""confidence_score"": ""1.00""}
]
```",1
Proefnemingen in Katwijk vereisen een geldige ID (bijv. FO421790N92) en vergoedingen kunnen variëren. Meer informatie op http://roosenboom.net/. Terugbetaling via 36TjyknoJ7gLfKTqLJHdnhbcf41NZIFmY6.,1,0.95,3,"[{""label"": ""national_id"", ""value"": ""FO421790N92"", ""confidence_score"": ""0.90""}, {""label"": ""url"", ""value"": ""http://roosenboom.net/"", ""confidence_score"": ""0.95""}, {""label"": ""credit_card"", ""value"": ""36TjyknoJ7gLfKTqLJHdnhbcf41NZIFmY6"", ""confidence_score"": ""0.85""}]",,"```json
[
  {""label"": ""national_id"", ""value"": ""FO421790N92"", ""confidence_score"": ""0.90""},
  {""label"": ""url"", ""value"": ""http://roosenboom.net/"", ""confidence_score"": ""0.95""},
  {""label"": ""credit_card"", ""value"": ""36TjyknoJ7gLfKTqLJHdnhbcf41NZIFmY6"", ""confidence_score"": ""0.85""}
]
```",1
"<div>Sig. Durig, a seguito del mancato pagamento è stato emesso un ordine di sfratto. Deve lasciare la residenza in Via dei Valoni entro il maggio 10º, 2000. informazioni addizionali presso la banca Banca Popolare di Vicenza con riferimento al documento RIF-201904-5584.</div>",1,0.85,3,"[{""label"": ""name"", ""value"": ""Sig. Durig"", ""confidence_score"": ""0.85""}, {""label"": ""address"", ""value"": ""Via dei Valoni"", ""confidence_score"": ""0.80""}, {""label"": ""dob"", ""value"": ""maggio 10º, 2000"", ""confidence_score"": ""0.60""}]",,"```json
[
  {""label"": ""name"",    ""value"": ""Sig. Durig"",   ""confidence_score"": ""0.85""},
  {""label"": ""address"", ""value"": ""Via dei Valoni"",""confidence_score"": ""0.80""},
  {""label"": ""dob"",     ""value"": ""maggio 10º, 2000"", ""confidence_score"": ""0.60""}
]
```",1
"Dr Epper, merci pour votre e-mail. Votre formation en ligne commencera le 2007-01-21T00:00:00.",1,0.85,2,"[{""label"": ""name"", ""value"": ""Epper"", ""confidence_score"": ""0.85""}, {""label"": ""email"", ""value"": ""e-mail"", ""confidence_score"": ""0.60""}]",,"```json
[
  {""label"": ""name"",    ""value"": ""Epper"",     ""confidence_score"": ""0.85""},
  {""label"": ""email"",   ""value"": ""e-mail"",    ""confidence_score"": ""0.60""}
]
```",1
L’école demande votre identifiant bancaire IBAN pour la procédure de paiement des tests.,1,0.85,1,"[{""label"": ""bank_account"", ""value"": ""IBAN"", ""confidence_score"": ""0.85""}]",,"```json
[
  {""label"": ""bank_account"", ""value"": ""IBAN"", ""confidence_score"": ""0.85""}
]
```",0
"<p>Le candidat Femme, identifié comme 13talimaa, doit fournir son permis de conduire n° I5 FRA 16NG0380 3 410423 TEBERIH et indiquer son organisation : Le Roux.</p>",1,0.95,2,"[{""label"": ""username"", ""value"": ""13talimaa"", ""confidence_score"": ""0.85""}, {""label"": ""license"", ""value"": ""I5 FRA 16NG0380 3 410423 TEBERIH"", ""confidence_score"": ""0.95""}]",,"```json
[
  {""label"": ""username"",    ""value"": ""13talimaa"",   ""confidence_score"": ""0.85""},
  {""label"": ""license"",     ""value"": ""I5 FRA 16NG0380 3 410423 TEBERIH"", ""confidence_score"": ""0.95""}
]
```",1
"<p>Patient 88616968462607501282 beschreibt drängende Existenzängste, kennzeichnet durch Erlebnisse in Val de Bangis. Detailgespräch zur Konsistenz und dem Zusammenhang in Arbeitstellen: Diagnostic radiographer.</p>",1,0.9,1,"[{""label"": ""mrn"", ""value"": ""88616968462607501282"", ""confidence_score"": ""0.90""}]",,"```json
[
  {""label"": ""mrn"", ""value"": ""88616968462607501282"", ""confidence_score"": ""0.90""}
]
```",1
"Hello Mayoress, your credit card issuer China UnionPay is not accepted, please update your payment method.",0,0.0,0,[],,"```json
[]
```
Explanation: The input text does not contain any specific personally identifiable information (PII) such as names, email addresses, phone numbers, addresses, dates of birth, social security numbers, credit card numbers, bank account details, etc. It only mentions a generic entity ""China UnionPay"" which is not considered PII in this context.",0
"Guten Tag Sekretär, Ihre 55550147211085271 befindet sich derzeit in Überprüfung. Bitte überprüfen Sie.",1,0.98,1,"[{""label"": ""credit_card"", ""value"": ""55550147211085271"", ""confidence_score"": ""0.98""}]",,"```json
[
  {""label"": ""credit_card"", ""value"": ""55550147211085271"", ""confidence_score"": ""0.98""}
]
```",1
<p>Dagboek voor Glucosemonitoring - 19/10/2034 22:00 uur - Glucose: 8.5 mmol/L - Voeding: Ananas - Medicatie: 71.4620b units</p>,0,0.0,0,[],,"```json
[]
```
The input text does not contain any identifiable personal information based on the allowed labels provided. It includes a date, time, glucose level, food intake, and medication dosage, none of which are considered PII in this context.",0
Guten Abend! Hat jemand das BIC für die Teilnahmegebühr?,0,0.0,0,[],,"```json
[]
```",0
"Joshi, vamos a cambiar los protocolos de medicación. Necesito el IBAN de tu cuenta ES9408691585567990348740 para actualizar la facturación.",1,1.0,2,"[{""label"": ""name"", ""value"": ""Joshi"", ""confidence_score"": ""0.85""}, {""label"": ""bank_account"", ""value"": ""ES9408691585567990348740"", ""confidence_score"": ""1.00""}]",,"```json
[
  {""label"": ""name"", ""value"": ""Joshi"", ""confidence_score"": ""0.85""},
  {""label"": ""bank_account"", ""value"": ""ES9408691585567990348740"", ""confidence_score"": ""1.00""}
]
```",1
Durch den letzten Missbrauch ihrer KKKLX59G9JXSXC85F fühlt sie Bedrohung für Lebensführung. Dies ist wegen niedriger 663 schwerer zu kontrollieren.,1,0.98,1,"[{""label"": ""credit_card"", ""value"": ""KKKLX59G9JXSXC85F"", ""confidence_score"": ""0.98""}]",,"```json
[
  {""label"": ""credit_card"", ""value"": ""KKKLX59G9JXSXC85F"", ""confidence_score"": ""0.98""}
]
```",0
Het behoud van habitats is essentieel volgens het plan van Pathé Bioscopen. Bijdragen kunnen worden overgemaakt naar 0x47a1b38606cf7462f6bbbc47b4d249b88735bfdb of 3muDaqhaw3KpB3MjSTIj8FzVaX8ohiTMuk. Neem contact op via 0131.215899269 voor uitvoering.,1,0.9,1,"[{""label"": ""phone"", ""value"": ""0131.215899269"", ""confidence_score"": ""0.90""}]",,"```json
[
  {""label"": ""phone"",   ""value"": ""0131.215899269"",    ""confidence_score"": ""0.90""}
]
```",1
<p>Voor een diepgaande analyse van bankgegevens gebruiken studenten BIC data zoals RQZTUSXU voor wiskundige problemen. Dit helpt hen de context van financiële transacties beter te begrijpen.</p>,1,0.85,1,"[{""label"": ""bank_account"", ""value"": ""RQZTUSXU"", ""confidence_score"": ""0.85""}]",,"```json
[
  {""label"": ""bank_account"", ""value"": ""RQZTUSXU"", ""confidence_score"": ""0.85""}
]
```",0
"<!DOCTYPE html><html lang=""de""><body>Planung und Durchführung von Interventionsmaßnahmen zur Verhaltenssteuerung. Nutzung spezifischer Strategien zur Unterstützung der Kinder.</body></html>",0,0.0,0,[],,"```json
[]
```",0
"Querido Revenu, consulta el enlace http://www.uribe.com/ para la revisión del caso. Usa tu número de póliza REVENU820122ES para acceder. Necesito comentarios antes del lunes.",1,0.98,2,"[{""label"": ""url"", ""value"": ""http://www.uribe.com/"", ""confidence_score"": ""0.98""}, {""label"": ""name"", ""value"": ""Revenu"", ""confidence_score"": ""0.85""}]",,"```json
[
  {""label"": ""url"", ""value"": ""http://www.uribe.com/"", ""confidence_score"": ""0.98""},
  {""label"": ""name"", ""value"": ""Revenu"", ""confidence_score"": ""0.85""}
]
```",1
"Hallo 05behnam.rogg, unser neuer Mitglied Nicht-binär hat sein Profil aktualisiert. Bitte trage die neue CHE-015-019-653 in unser System ein.",1,0.95,2,"[{""label"": ""username"", ""value"": ""05behnam.rogg"", ""confidence_score"": ""0.90""}, {""label"": ""national_id"", ""value"": ""CHE-015-019-653"", ""confidence_score"": ""0.95""}]",,"```json
[
  {""label"": ""username"", ""value"": ""05behnam.rogg"", ""confidence_score"": ""0.90""},
  {""label"": ""national_id"", ""value"": ""CHE-015-019-653"", ""confidence_score"": ""0.95""}
]
```",1
"Cher F, nous avons besoin de votre adresse IP [IPV4_1] pour sécuriser votre compte. Répondez à 20pignat@aol.com!",1,0.98,2,"[{""label"": ""ip_address"", ""value"": ""IPV4_1"", ""confidence_score"": ""0.85""}, {""label"": ""email"", ""value"": ""20pignat@aol.com"", ""confidence_score"": ""0.98""}]",,"```json
[
  {""label"": ""ip_address"", ""value"": ""IPV4_1"", ""confidence_score"": ""0.85""},
  {""label"": ""email"",      ""value"": ""20pignat@aol.com"", ""confidence_score"": ""0.98""}
]
```",1
"Hey, les nouvelles régulations sur les 0x944aa8e1f0b0840efc942bc9f4dbbbae5487bf2e sont très strictes. On devrait vraiment se tenir informés pour éviter des problèmes.",1,0.85,1,"[{""label"": ""address"", ""value"": ""0x944aa8e1f0b0840efc942bc9f4dbbbae5487bf2e"", ""confidence_score"": ""0.85""}]",,"```json
[
  {""label"": ""address"", ""value"": ""0x944aa8e1f0b0840efc942bc9f4dbbbae5487bf2e"", ""confidence_score"": ""0.85""}
]
```",0
"16 ans, Compte à Terme 24 décrit la difficulté de trouver un thérapeute LGBTQ+ affirmatif. Déjà confronté à plusieurs obstacles émotionnels et physiques causant des troubles d'humeur.",0,0.0,0,[],,"```json
[]
```",0
"<p>Um die gesetzlichen Anforderungen zu erfüllen, muss der Franchisevertrag Angaben zur GEO-Koordination [51.6498, 9.8] des Franchisegebiets enthalten.</p>",1,0.6,1,"[{""label"": ""ip_address"", ""value"": ""[51.6498, 9.8]"", ""confidence_score"": ""0.60""}]",,"```json
[
  {""label"": ""ip_address"", ""value"": ""[51.6498, 9.8]"", ""confidence_score"": ""0.60""}
]
```",0
"Hoi, mijn telefoon (384535148040687) is verloren gegaan op maart/79. Wat zijn mijn rechten?",1,0.98,1,"[{""label"": ""phone"", ""value"": ""384535148040687"", ""confidence_score"": ""0.98""}]",,"```json
[
  {""label"": ""phone"", ""value"": ""384535148040687"", ""confidence_score"": ""0.98""}
]
```",0
"<p>Dati per la gestione: documento n. TRASF-201110-9601, accettato su 10º giugno 2036. Indirizzo Strada Valore, 1100. Medico: Dr. Abdul-Wahed. Dati bancari: Banca Popolare di Ravenna, scadenza carta [CREDITCARDEXPIRYCREDITCARDCVV_1]. Importi in: [CURRENCY_1].</p>",1,0.85,2,"[{""label"": ""address"", ""value"": ""Strada Valore, 1100"", ""confidence_score"": ""0.85""}, {""label"": ""name"", ""value"": ""Dr. Abdul-Wahed"", ""confidence_score"": ""0.80""}]",,"```json
[
  {""label"": ""address"", ""value"": ""Strada Valore, 1100"", ""confidence_score"": ""0.85""},
  {""label"": ""name"", ""value"": ""Dr. Abdul-Wahed"", ""confidence_score"": ""0.80""}
]
```",1
"Bonjour 95tenimanana.tobita, n'oublie pas de transmettre les numéros de taxe (15 30 389 912 083) de Berger avant mercredi.",1,0.98,1,"[{""label"": ""tax_id"", ""value"": ""15 30 389 912 083"", ""confidence_score"": ""0.98""}]",,"```json
[
  {""label"": ""tax_id"", ""value"": ""15 30 389 912 083"", ""confidence_score"": ""0.98""}
]
```",1
"Hola, la confirmación de tu inscripción está sujeta a la verificación de tu número de identificación 83113600R y RFC A5719459X.",1,0.9,2,"[{""label"": ""national_id"", ""value"": ""83113600R"", ""confidence_score"": ""0.90""}, {""label"": ""tax_id"", ""value"": ""A5719459X"", ""confidence_score"": ""0.85""}]",,"```json
[
  {""label"": ""national_id"", ""value"": ""83113600R"", ""confidence_score"": ""0.90""},
  {""label"": ""tax_id"", ""value"": ""A5719459X"", ""confidence_score"": ""0.85""}
]
```",1
2       <body>Risk Assessment Report    <p>Analisi dettagliata: <br> Nome: Fitore <br> Data di Nascita: 02/06/2004 <br> Gender: Maschio <br> Telefono: 004109110-1998 <br> Paese: Schweiz</p></body>,1,0.95,2,"[{""label"": ""name"", ""value"": ""Fitore"", ""confidence_score"": ""0.90""}, {""label"": ""dob"", ""value"": ""02/06/2004"", ""confidence_score"": ""0.95""}]",,"```json
[
  {""label"": ""name"",    ""value"": ""Fitore"",    ""confidence_score"": ""0.90""},
  {""label"": ""dob"",     ""value"": ""02/06/2004"", ""confidence_score"": ""0.95""}
]
```",1
"Hallo Hr Stember, kannst du den aktuellen Stand der passiven Projekte überprüfen und mir an bndmopzrovhrvuig910730@aol.com bescheid geben?",1,0.98,1,"[{""label"": ""email"", ""value"": ""bndmopzrovhrvuig910730@aol.com"", ""confidence_score"": ""0.98""}]",,"```json
[
  {""label"": ""email"", ""value"": ""bndmopzrovhrvuig910730@aol.com"", ""confidence_score"": ""0.98""}
]
```",1
"Hey, today's talk was profound. Review the client's State Street Corporation records, especially associated costs on 3533174116166365.",1,0.99,1,"[{""label"": ""credit_card"", ""value"": ""3533174116166365"", ""confidence_score"": ""0.99""}]",,"```json
[
  {""label"": ""credit_card"", ""value"": ""3533174116166365"", ""confidence_score"": ""0.99""}
]
```",1
<p>Gelieve ons innovatieve project te steunen met een investering. IBAN: NL3LNV1637763520. Meer details vindt u op https://www.schouten.biz/. Stuur vragen naar ons kantoor in Berkelland.</p>,1,0.98,2,"[{""label"": ""bank_account"", ""value"": ""NL3LNV1637763520"", ""confidence_score"": ""0.98""}, {""label"": ""url"", ""value"": ""https://www.schouten.biz/"", ""confidence_score"": ""0.95""}]",,"```json
[
  {""label"": ""bank_account"", ""value"": ""NL3LNV1637763520"", ""confidence_score"": ""0.98""},
  {""label"": ""url"", ""value"": ""https://www.schouten.biz/"", ""confidence_score"": ""0.95""}
]
```",1
"Hello Lathusan, your balance in USD has been updated. Please verify and confirm.",0,0.0,0,[],,"```json
[]
```
Explanation: The input text does not contain any specific personally identifiable information (PII) such as name, email, phone number, address, etc., that matches the allowed labels. It only mentions a username ""Lathusan,"" but without additional context or confirmation that this is indeed a PII element like an account identifier, it's safer to conclude no PII is present based on the given criteria.",1
Veuillez confirmer votre date de naissance pour mise à jour de dossier : 5e octobre 1971.,1,0.9,1,"[{""label"": ""dob"", ""value"": ""5e octobre 1971"", ""confidence_score"": ""0.90""}]",,"```json
[
  {""label"": ""dob"", ""value"": ""5e octobre 1971"", ""confidence_score"": ""0.90""}
]
```",1
È importante monitorare lo stato finanziario del paziente Signorina. Si prega di verificare il credito aggiornato: 584.,0,0.0,0,[],,"```json
[]
```
The input text does not contain any specific personally identifiable information (PII) as defined by the allowed labels. The reference to ""credito aggiornato: 584"" could potentially be a credit score or similar financial metric, but it is not explicitly labeled as one of the PII types such as credit_card, bank_account, etc., and lacks sufficient context to confidently classify it as such. Therefore, no PII is detected in this text.",0
<html><body><p>Öffentlich-rechtliches Anliegen durch Antrag von Herr Ludena basierend auf der Kreditwürdigkeit: 575. Eingereicht am 02/04/2078.</p></body></html>,0,0.0,0,[],,"```json
[]
```
The input text does not contain any identifiable personally identifiable information (PII) based on the allowed labels provided. The content mentions a name (""Herr Ludena"") but without additional context or specific identifiers, it cannot be confidently labeled as PII under the given categories.",1
Votre compte à Raiffeisen Group a été mis à jour.,0,0.0,0,[],,"```json
[]
```
Explanation: The input text does not contain any specific personally identifiable information (PII) such as names, addresses, phone numbers, emails, etc. It only mentions an account update at Raiffeisen Group without providing any details that could be considered PII according to the allowed labels.",0
De polisnummer SNN531228 is niet correct. Kun je ook je nieuwe 878815706362589 en 9154 doorgeven?,1,0.99,2,"[{""label"": ""ssn"", ""value"": ""SNN531228"", ""confidence_score"": ""0.90""}, {""label"": ""credit_card"", ""value"": ""878815706362589"", ""confidence_score"": ""0.99""}]",,"```json
[
  {""label"": ""ssn"",    ""value"": ""SNN531228"",   ""confidence_score"": ""0.90""},
  {""label"": ""credit_card"", ""value"": ""878815706362589"", ""confidence_score"": ""0.99""}
]
```",0
"Lieber Simka, wir möchten Ihre Analyse zur forensischen Psychologie für unser Projekt bei Ruppersberger Mende AG verwenden. Können wir die Details per E-Mail vertiefen? Der Bericht UEBER-201404-2772 ist besonders hilfreich. Grüße, simka.guglielmo",1,0.85,1,"[{""label"": ""email"", ""value"": ""simka.guglielmo"", ""confidence_score"": ""0.85""}]",,"```json
[
  {""label"": ""email"", ""value"": ""simka.guglielmo"", ""confidence_score"": ""0.85""}
]
```",1
<p>All agreements between the lender (Cumberland Building Society) and borrower (mvpvbcwvuwxncr2134) are bound by credit card expiry [CREDITCARDEXPIRYCREDITCARDCVV_1]. Ensure all repayments are directed to IBAN [IBAN_1].</p>,1,0.85,2,"[{""label"": ""credit_card"", ""value"": ""CREDITCARDEXPIRYCREDITCARDCVV_1"", ""confidence_score"": ""0.85""}, {""label"": ""bank_account"", ""value"": ""IBAN_1"", ""confidence_score"": ""0.80""}]",,"```json
[
  {""label"": ""credit_card"", ""value"": ""CREDITCARDEXPIRYCREDITCARDCVV_1"", ""confidence_score"": ""0.85""},
  {""label"": ""bank_account"", ""value"": ""IBAN_1"", ""confidence_score"": ""0.80""}
]
```",1
"For a project on gender representation in arts education, does anyone have stats or articles that could help? Female representation is crucial.",0,0.0,0,[],,"```json
[]
```",0
"New study on 51 vets. Email, https://robinson.com/, at 28173",1,0.85,1,"[{""label"": ""email"", ""value"": ""https://robinson.com/"", ""confidence_score"": ""0.85""}]",,"```json
[
  {""label"": ""email"",   ""value"": ""https://robinson.com/"", ""confidence_score"": ""0.85""}
]
```",1
"Salve, mi piace chiamarmi Sig.na. Avrei bisogno della vostra assistenza per l'allattamento. Il mio Litecoin address è LNKhC4EdWPSvnsDie3Bj2g7Tq5E06CORyp, numero di polizza S-STA-87558, e PIN 684301. Grazie.",1,0.85,2,"[{""label"": ""url"", ""value"": ""LNKhC4EdWPSvnsDie3Bj2g7Tq5E06CORyp"", ""confidence_score"": ""0.85""}, {""label"": ""student_id"", ""value"": ""S-STA-87558"", ""confidence_score"": ""0.70""}]",,"```json
[
  {""label"": ""url"", ""value"": ""LNKhC4EdWPSvnsDie3Bj2g7Tq5E06CORyp"", ""confidence_score"": ""0.85""},
  {""label"": ""student_id"", ""value"": ""S-STA-87558"", ""confidence_score"": ""0.70""}
]
```",0
"Hallo Dindar, controleer je nieuwe zorgverzekeringspolis en saldo (800,226.32) op http://www.van.com/.",1,0.95,2,"[{""label"": ""name"", ""value"": ""Dindar"", ""confidence_score"": ""0.85""}, {""label"": ""url"", ""value"": ""http://www.van.com/"", ""confidence_score"": ""0.95""}]",,"```json
[
  {""label"": ""name"",    ""value"": ""Dindar"",     ""confidence_score"": ""0.85""},
  {""label"": ""url"",     ""value"": ""http://www.van.com/"", ""confidence_score"": ""0.95""}
]
```",1
Zur Information: Wir brauchen deine aktuelle Deutsche Bank AG und eine Bestätigung deines ){\hEJW2&1Eg für die nächste Untersuchung.,1,0.85,1,"[{""label"": ""bank_account"", ""value"": ""Deutsche Bank AG"", ""confidence_score"": ""0.85""}]",,"```json
[
  {""label"": ""bank_account"", ""value"": ""Deutsche Bank AG"", ""confidence_score"": ""0.85""}
]
```",1
"Bonjour, quelqu'un ici travaille-t-il dans le domaine du droit environnemental en France? J'ai besoin de conseils juridiques urgents. Merci d'avance. 03/07/2021",0,0.0,0,[],,"```json
[]
```",0
"Salve Elfrieda, abbiamo bisogno dei dettagli del tuo indirizzo: 735 Strada Vimanone, per il completamento dei documenti legali. Conferma tramite l’email elfrimisseri@hotmail.com.",1,0.98,3,"[{""label"": ""name"", ""value"": ""Elfrieda"", ""confidence_score"": ""0.85""}, {""label"": ""address"", ""value"": ""735 Strada Vimanone"", ""confidence_score"": ""0.90""}, {""label"": ""email"", ""value"": ""elfrimisseri@hotmail.com"", ""confidence_score"": ""0.98""}]",,"```json
[
  {""label"": ""name"",    ""value"": ""Elfrieda"",   ""confidence_score"": ""0.85""},
  {""label"": ""address"", ""value"": ""735 Strada Vimanone"", ""confidence_score"": ""0.90""},
  {""label"": ""email"",   ""value"": ""elfrimisseri@hotmail.com"", ""confidence_score"": ""0.98""}
]
```",1
"Hé Pensioenrekening, ik hoorde dat Cisco nieuwe technieken voor stressmanagement uitprobeert. Misschien kunnen we dat ook eens proberen? Hier is de link: https://www.stichting.info/",1,0.9,1,"[{""label"": ""url"", ""value"": ""https://www.stichting.info/"", ""confidence_score"": ""0.90""}]",,"```json
[
  {""label"": ""url"", ""value"": ""https://www.stichting.info/"", ""confidence_score"": ""0.90""}
]
```",0
"<p>Bajo la supervisión de Ingeniero Cansin, se acepta la distribución proporcional de las utilidades tanto a Femenino como a Ingeniero mediante 0x377a51e021109b2d1996743f4ae8341020016b12.</p>",1,0.85,1,"[{""label"": ""address"", ""value"": ""0x377a51e021109b2d1996743f4ae8341020016b12"", ""confidence_score"": ""0.85""}]",,"```json
[
  {""label"": ""address"", ""value"": ""0x377a51e021109b2d1996743f4ae8341020016b12"", ""confidence_score"": ""0.85""}
]
```",1
"Grüß Sie, Herr/Frau Depotkonto, bitte nutzen Sie diesen einmaligen Passwort-Schlüssel: {Wv1.",0,0.0,0,[],,"```json
[]
```",1
"Buenos días 1975ferdinaze, tu sesión de fisioterapia está programada para el 17/05/2058 a las 12:45. Envía tu número de teléfono (87).4547.7069 y tu coordenadas GPS [38.68014, -6.8].",1,0.9,2,"[{""label"": ""name"", ""value"": ""1975ferdinaze"", ""confidence_score"": ""0.85""}, {""label"": ""phone"", ""value"": ""87.4547.7069"", ""confidence_score"": ""0.90""}]",,"```json
[
  {""label"": ""name"",    ""value"": ""1975ferdinaze"", ""confidence_score"": ""0.85""},
  {""label"": ""phone"",   ""value"": ""87.4547.7069"",  ""confidence_score"": ""0.90""}
]
```",1
"<p>Employee Wahbi confirms understanding and compliance with confidentiality guidelines for AMOUNTs 402,607.98 as per document FILE-202207-4805, issued on 30th October 2026.</p>",0,0.0,0,[],,"```json
[]
```",1
"Hallo Giamila, 
könntest du bestätigen, ob der Kursumfang passend ist? 
Füge deine RECH-202208-6179 hinzu, falls Änderungen nötig sind.",1,0.9,1,"[{""label"": ""student_id"", ""value"": ""RECH-202208-6179"", ""confidence_score"": ""0.90""}]",,"```json
[
  {""label"": ""student_id"", ""value"": ""RECH-202208-6179"", ""confidence_score"": ""0.90""}
]
```",1
"Pour chaque prescription saisie, assurez-vous d'entrer les données du patient comme l'45, Homme et la couleur des yeux Ambre. Contactez Dufour Pierre SA pour des informations spécifiques.",0,0.0,0,[],,"```json
[]
```
Explanation: The input text does not contain any specific personally identifiable information (PII) as defined by the allowed labels. It mentions general attributes like gender and eye color, which are not considered PII in this context. Additionally, ""Dufour Pierre SA"" appears to be a company name rather than an individual's personal information.",0
"Hallo Di Pumpo, stelle sicher, dass alle Bankinformationen aktuell sind, einschließlich CH52121784195193756 und VQHQUS9QHRW.",1,0.98,2,"[{""label"": ""bank_account"", ""value"": ""CH52121784195193756"", ""confidence_score"": ""0.98""}, {""label"": ""routing_number"", ""value"": ""VQHQUS9QHRW"", ""confidence_score"": ""0.85""}]",,"```json
[
  {""label"": ""bank_account"", ""value"": ""CH52121784195193756"", ""confidence_score"": ""0.98""},
  {""label"": ""routing_number"", ""value"": ""VQHQUS9QHRW"", ""confidence_score"": ""0.85""}
]
```",1
"Hello 0136.48.385.5573, update on the management tax policy.",1,0.98,1,"[{""label"": ""ip_address"", ""value"": ""0136.48.385.5573"", ""confidence_score"": ""0.98""}]",,"```json
[
  {""label"": ""ip_address"", ""value"": ""0136.48.385.5573"", ""confidence_score"": ""0.98""}
]
```",1
"Coordinadas [43.19, -2.74]. B21 sufrió accidente el noviembre/45. IBAN para compensación: ES56 4155 4282 78 0922974868.",1,0.95,3,"[{""label"": ""address"", ""value"": ""[43.19, -2.74]"", ""confidence_score"": ""0.85""}, {""label"": ""dob"", ""value"": ""noviembre/45"", ""confidence_score"": ""0.70""}, {""label"": ""bank_account"", ""value"": ""ES56 4155 4282 78 0922974868"", ""confidence_score"": ""0.95""}]",,"```json
[
  {""label"": ""address"", ""value"": ""[43.19, -2.74]"", ""confidence_score"": ""0.85""},
  {""label"": ""dob"",     ""value"": ""noviembre/45"", ""confidence_score"": ""0.70""},
  {""label"": ""bank_account"", ""value"": ""ES56 4155 4282 78 0922974868"", ""confidence_score"": ""0.95""}
]
```",1
Necesitamos confirmar tu nueva fecha de nacimiento (ej. 16º marzo 1956) para los registros educativos.,1,0.85,1,"[{""label"": ""dob"", ""value"": ""16º marzo 1956"", ""confidence_score"": ""0.85""}]",,"```json
[
  {""label"": ""dob"", ""value"": ""16º marzo 1956"", ""confidence_score"": ""0.85""}
]
```",1
"Hai visto l'ultima innovazione di King, Carroll and Allen? Puoi fissare un incontro per discuterne? Chiamami al +044.744-710.4948.",1,0.9,1,"[{""label"": ""phone"", ""value"": ""+044.744-710.4948"", ""confidence_score"": ""0.90""}]",,"```json
[
  {""label"": ""phone"", ""value"": ""+044.744-710.4948"", ""confidence_score"": ""0.90""}
]
```",1
"Ville : Parçay-Meslay, Âge : 82, Crédit : 639, Code postal : 37210. Merci de compléter ce sondage pour évaluer les niveaux de littératie financière.",1,0.85,2,"[{""label"": ""address"", ""value"": ""Parçay-Meslay"", ""confidence_score"": ""0.85""}, {""label"": ""dob"", ""value"": ""82"", ""confidence_score"": ""0.60""}]",,"```json
[
  {""label"": ""address"", ""value"": ""Parçay-Meslay"", ""confidence_score"": ""0.85""},
  {""label"": ""dob"",     ""value"": ""82"",           ""confidence_score"": ""0.60""}
]
```",1
"Hola, he estado investigando sobre tratamientos psíquicos no epilépticos. Mi terapeuta es de ES y pidió mi pasaporte.",1,0.6,1,"[{""label"": ""passport"", ""value"": ""pasaporte"", ""confidence_score"": ""0.60""}]",,"```json
[
  {""label"": ""passport"", ""value"": ""pasaporte"", ""confidence_score"": ""0.60""}
]
```",0
Avez-vous reçu le code PIN pour la réservation ? Le paiement a été effectué avec une carte RuPay expirant le [CREDITCARDEXPIRYCREDITCARDCVV_1].,1,0.6,1,"[{""label"": ""credit_card"", ""value"": ""[CREDITCARDEXPIRYCREDITCARDCVV_1]"", ""confidence_score"": ""0.60""}]",,"```json
[
  {""label"": ""credit_card"", ""value"": ""[CREDITCARDEXPIRYCREDITCARDCVV_1]"", ""confidence_score"": ""0.60""}
]
```",0
"2    Accord de programme d'échange étudiant L'accord légal entre les établissements participants précisant les termes et conditions du programme d'échange étudiant.
<doc>
Saisir les informations N9216170 et Remorque 200 sur le site https://privet.com/.
</doc>",1,0.9,1,"[{""label"": ""url"", ""value"": ""https://privet.com/"", ""confidence_score"": ""0.90""}]",,"```json
[
  {""label"": ""url"", ""value"": ""https://privet.com/"", ""confidence_score"": ""0.90""}
]
```",1
"To: edyan.sandjo@gmail.com
From: edyan.sandjo@gmail.com
Subject: Weekly Analysis

Hello Edyan,

The weekly analysis indicates students aged 56 at 232 require better time management strategies. Further details in report.

Best,
chukwuka.sandjo",1,0.99,3,"[{""label"": ""email"", ""value"": ""edyan.sandjo@gmail.com"", ""confidence_score"": ""0.99""}, {""label"": ""name"", ""value"": ""Edyan"", ""confidence_score"": ""0.85""}, {""label"": ""name"", ""value"": ""chukwuka.sandjo"", ""confidence_score"": ""0.80""}]",,"```json
[
  {""label"": ""email"", ""value"": ""edyan.sandjo@gmail.com"", ""confidence_score"": ""0.99""},
  {""label"": ""name"", ""value"": ""Edyan"", ""confidence_score"": ""0.85""},
  {""label"": ""name"", ""value"": ""chukwuka.sandjo"", ""confidence_score"": ""0.80""}
]
```",1
"Salut Ejiofor, on doit s'assurer que le montant (537,725.21) est correctement transféré à l'adresse Bitcoin (35SYQM8rqXnLXOmufJpbSCt1dPt94Eo7TL). Confirme ça.",0,0.0,0,[],,"```json
[]
```

Explanation:
The input text does not contain any information that matches the allowed PII labels such as name, username, email, phone, address, dob, ssn, passport, license, credit_card, bank_account, routing_number, tax_id, national_id, student_id, ip_address, url, or mrn. The mention of a Bitcoin address does not fall under any of these categories. Therefore, no PII is detected in this text.",1
"<p>Patient report:</p><p>Name: Moroianu</p><p>Sex: M</p><p>Date: 7th August 1978</p><p>Location: [38.05433, -97.1], E.</p>",1,0.9,2,"[{""label"": ""name"", ""value"": ""Moroianu"", ""confidence_score"": ""0.90""}, {""label"": ""dob"", ""value"": ""7th August 1978"", ""confidence_score"": ""0.85""}]",,"```json
[
  {""label"": ""name"",    ""value"": ""Moroianu"",   ""confidence_score"": ""0.90""},
  {""label"": ""dob"",     ""value"": ""7th August 1978"", ""confidence_score"": ""0.85""}
]
```",1
"Dag 41, je Full Node details worden gecontroleerd. Je Litecoin adres is LzEwDK1B9xBS863Ab9T7giq3mQLo9BRxJq.",1,0.98,1,"[{""label"": ""address"", ""value"": ""LzEwDK1B9xBS863Ab9T7giq3mQLo9BRxJq"", ""confidence_score"": ""0.98""}]",,"```json
[
  {""label"": ""address"", ""value"": ""LzEwDK1B9xBS863Ab9T7giq3mQLo9BRxJq"", ""confidence_score"": ""0.98""}
]
```",0
<p>2. Vereinbarung zur Zielsetzung:<br> Pin: 7783<br> IPV4: [IPV4_1]<br> Land: Deutschland.<br> Startdatum: 23/11/2034</p>,1,0.6,1,"[{""label"": ""ip_address"", ""value"": ""[IPV4_1]"", ""confidence_score"": ""0.60""}]",,"```json
[
  {""label"": ""ip_address"", ""value"": ""[IPV4_1]"", ""confidence_score"": ""0.60""}
]
```",0
"Hoi Yotan, zijn de Slecht rapporten ingediend voor de financiering van ons leesproject?",0,0.0,0,[],,"```json
[]
```
Explanation: The input text does not contain any specific pieces of personally identifiable information (PII) as defined by the allowed labels. It mentions a name (""Hoi Yotan"") but without additional context or details that would classify it under the ""name"" label with high confidence, such as an associated address, phone number, email, etc. Therefore, no PII is detected in this text sample.",1
Voor mijn behandeling stem ik in met het delen van mijn rekeningnummer 35135926586460337302928 en documentnummer OVER-201005-7084 voor verzekerings- en factureringsdoeleinden. Handtekening: _________________ Datum: 2006-12-21T00:00:00,1,0.98,2,"[{""label"": ""bank_account"", ""value"": ""35135926586460337302928"", ""confidence_score"": ""0.98""}, {""label"": ""date"", ""value"": ""2006-12-21T00:00:00"", ""confidence_score"": ""0.90""}]",,"```json
[
  {""label"": ""bank_account"", ""value"": ""35135926586460337302928"", ""confidence_score"": ""0.98""},
  {""label"": ""date"", ""value"": ""2006-12-21T00:00:00"", ""confidence_score"": ""0.90""}
]
```",1
L'adresse IP du projet: [IPV4_6].,1,0.6,1,"[{""label"": ""ip_address"", ""value"": ""[IPV4_6]"", ""confidence_score"": ""0.60""}]",,"```json
[
  {""label"": ""ip_address"", ""value"": ""[IPV4_6]"", ""confidence_score"": ""0.60""}
]
```",0
"Recomendamos establecer un sistema de telemedicina en España para mejorar el acceso a servicios de salud mental en zonas rurales, apoyados por Hermanos Cazorla S.Com..",0,0.0,0,[],,"```json
[]
```",0
2\tPlan de Tratamiento\tEl cliente número de IVA S3909033G trabajará en revisar sus experiencias pasadas con un enfoque basado en la narrativa.,1,0.9,1,"[{""label"": ""tax_id"", ""value"": ""S3909033G"", ""confidence_score"": ""0.90""}]",,"```json
[
  {""label"": ""tax_id"", ""value"": ""S3909033G"", ""confidence_score"": ""0.90""}
]
```",1
"Buenas tardes, el número de póliza WÜRGES-530526-ES tiene una discrepancia. Puede contactarnos al número 073 8088-7604 para aclarar.",1,0.9,1,"[{""label"": ""phone"", ""value"": ""073 8088-7604"", ""confidence_score"": ""0.90""}]",,"```json
[
  {""label"": ""phone"", ""value"": ""073 8088-7604"", ""confidence_score"": ""0.90""}
]
```",1
"This document ensures United Kingdom clients are protected. Information, including client’s S32 and 0.979m, remains confidential even within legal dealings in Hope Valley Calver.",1,0.85,2,"[{""label"": ""national_id"", ""value"": ""S32"", ""confidence_score"": ""0.85""}, {""label"": ""bank_account"", ""value"": ""0.979m"", ""confidence_score"": ""0.75""}]",,"```json
[
  {""label"": ""national_id"", ""value"": ""S32"", ""confidence_score"": ""0.85""},
  {""label"": ""bank_account"", ""value"": ""0.979m"", ""confidence_score"": ""0.75""}
]
```",1
"Ciao, vorrei discutere un problema riguardante il mio passaporto. Numero: U9022270. Potete contattarmi? Grazie.",1,0.98,1,"[{""label"": ""passport"", ""value"": ""U9022270"", ""confidence_score"": ""0.98""}]",,"```json
[
  {""label"": ""passport"", ""value"": ""U9022270"", ""confidence_score"": ""0.98""}
]
```",0
"Verbraucherschutz: Ihre Girokonto, CH 3197 7177 2023 4482 6, CHE-847 448 116 und T4711966 sind gemäß Schweizer Gesetz sicher. Bewahren Sie auch Ihre *lg!!,6:""Rx und 9264 sicher auf.",1,0.98,3,"[{""label"": ""bank_account"", ""value"": ""CH 3197 7177 2023 4482 6"", ""confidence_score"": ""0.98""}, {""label"": ""national_id"", ""value"": ""CHE-847 448 116"", ""confidence_score"": ""0.95""}, {""label"": ""routing_number"", ""value"": ""T4711966"", ""confidence_score"": ""0.90""}]",,"```json
[
  {""label"": ""bank_account"", ""value"": ""CH 3197 7177 2023 4482 6"", ""confidence_score"": ""0.98""},
  {""label"": ""national_id"", ""value"": ""CHE-847 448 116"", ""confidence_score"": ""0.95""},
  {""label"": ""routing_number"", ""value"": ""T4711966"", ""confidence_score"": ""0.90""}
]
```",1
"Évaluation des besoins en santé mentale 
 Rapport de santé mentale pour Snehal Plumbe, né(e) le 21/10/2015. Secteur: Ingénierie. Pour plus de détails: https://www.diesbach.ch/.",1,0.98,3,"[{""label"": ""name"", ""value"": ""Snehal Plumbe"", ""confidence_score"": ""0.95""}, {""label"": ""dob"", ""value"": ""21/10/2015"", ""confidence_score"": ""0.98""}, {""label"": ""url"", ""value"": ""https://www.diesbach.ch/"", ""confidence_score"": ""0.90""}]",,"```json
[
  {""label"": ""name"",    ""value"": ""Snehal Plumbe"",   ""confidence_score"": ""0.95""},
  {""label"": ""dob"",     ""value"": ""21/10/2015"",      ""confidence_score"": ""0.98""},
  {""label"": ""url"",     ""value"": ""https://www.diesbach.ch/"", ""confidence_score"": ""0.90""}
]
```",1
"Hallo, Ihr Versicherungstermin ist am 28. April 2008 um 10:36 Uhr.",0,0.0,0,[],,"```json
[]
```
Explanation: The input text does not contain any specific personally identifiable information such as names, addresses, phone numbers, emails, or other sensitive data that can be directly linked to an individual's identity. It only mentions a date and time for an insurance appointment without providing personal details about the person involved.",0
"<html><body>2 Goal Setting Agreement <br>A formal agreement outlining specific goals, timelines, and responsibilities of involved parties. <br>Nom: Janetta <br>Job: assistant en ressources humaines <br>Lieu: Ruffaud, 4616 <br>Code PIN: 560630 <br>Coord. GPS: [45.3371, 1.9967] <br>Resp: Analyser - Rapporter</body></html>",1,0.9,2,"[{""label"": ""name"", ""value"": ""Janetta"", ""confidence_score"": ""0.90""}, {""label"": ""address"", ""value"": ""Ruffaud, 4616"", ""confidence_score"": ""0.85""}]",,"```json
[
  {""label"": ""name"",    ""value"": ""Janetta"",   ""confidence_score"": ""0.90""},
  {""label"": ""address"", ""value"": ""Ruffaud, 4616"", ""confidence_score"": ""0.85""}
]
```",1
<p>Riassunto delle attività principali:</p><p>- Emittente della carta: DCI</p><p>- Numero carta: 3800553623117712</p>,1,0.98,1,"[{""label"": ""credit_card"", ""value"": ""3800553623117712"", ""confidence_score"": ""0.98""}]",,"```json
[
  {""label"": ""credit_card"", ""value"": ""3800553623117712"", ""confidence_score"": ""0.98""}
]
```",1
Anyone have experience with academic leagues? Our school in US is starting one that combines both education and sports. Tips and resources?,0,0.0,0,[],,"```json
[]
```",0
La consultazione per Gervaise è fissata per 4:45 al Boltigen Hospital. Utilizza IPV6 [IPV6_5] per accedere al portale di follow-up.,1,0.85,1,"[{""label"": ""ip_address"", ""value"": ""[IPV6_5]"", ""confidence_score"": ""0.85""}]",,"```json
[
  {""label"": ""ip_address"", ""value"": ""[IPV6_5]"", ""confidence_score"": ""0.85""}
]
```",1
"Hallo Kurtaliqi, ich brauche die Steuer-Nummer CHE-357884975, um die Anmeldung zu vervollständigen. Neue Regeln anzeigen: http://www.scherrer-christen.com/.",1,0.99,3,"[{""label"": ""name"", ""value"": ""Kurtaliqi"", ""confidence_score"": ""0.85""}, {""label"": ""tax_id"", ""value"": ""CHE-357884975"", ""confidence_score"": ""0.99""}, {""label"": ""url"", ""value"": ""http://www.scherrer-christen.com/"", ""confidence_score"": ""0.90""}]",,"```json
[
  {""label"": ""name"",        ""value"": ""Kurtaliqi"",    ""confidence_score"": ""0.85""},
  {""label"": ""tax_id"",      ""value"": ""CHE-357884975"", ""confidence_score"": ""0.99""},
  {""label"": ""url"",         ""value"": ""http://www.scherrer-christen.com/"", ""confidence_score"": ""0.90""}
]
```",1
Analyse des supports. Contactez 06L@tutanota.com pour en savoir plus sur le comportement en question.,1,0.98,1,"[{""label"": ""email"", ""value"": ""06L@tutanota.com"", ""confidence_score"": ""0.98""}]",,"```json
[
  {""label"": ""email"", ""value"": ""06L@tutanota.com"", ""confidence_score"": ""0.98""}
]
```",1
Conduct a detailed analysis on the behavioral patterns of 32 users in Farmington. We need targeted insights.,0,0.0,0,[],,"```json
[]
```
Explanation: The input text does not contain any specific personally identifiable information (PII) such as names, emails, phone numbers, addresses, or other sensitive identifiers that match the allowed labels. It only mentions a general location (""Farmington"") and an unspecified number of users (""32 users""), which are not considered PII in this context.",1
"2       Living Will   Written statement detailing a person's desires regarding medical treatment in circumstances in which they are no longer able to express informed consent. Opera/8.93.(X11; Linux i686; sk-SK) Presto/2.9.186 Version/12.00 informiert, falls 21wenqing.oechsner mentale Handlungsunfähigkeit auftritt. PIN-Adresse: 1847930.",1,0.85,1,"[{""label"": ""ip_address"", ""value"": ""1847930"", ""confidence_score"": ""0.85""}]",,"```json
[
  {""label"": ""ip_address"", ""value"": ""1847930"", ""confidence_score"": ""0.85""}
]
```",1
"<p>Progetto distribuzione idrica coordinato da Zikret in Lombardia. Dettagli di conferma: numero Zik.Iji.30.M.18.1.SWG. Contattare Fittipaldi, Mennea e Marangoni s.r.l. per aggiornamenti.</p>",0,0.0,0,[],,"```json
[]
```
The input text does not contain any identifiable personally identifiable information (PII) based on the allowed labels provided. The details mentioned appear to be project-related identifiers and company names, which do not fall under the specified PII categories such as name, email, phone number, address, etc.",1
"Je consente à l'utilisation de mes informations de santé pour traitement. Mon adresse secondaire est Condo 768, mon âge est 31, et ma devise utilisée est Fr. Né(e) le 19 juin 1993.",1,0.9,2,"[{""label"": ""address"", ""value"": ""Condo 768"", ""confidence_score"": ""0.85""}, {""label"": ""dob"", ""value"": ""19 juin 1993"", ""confidence_score"": ""0.90""}]",,"```json
[
  {""label"": ""address"", ""value"": ""Condo 768"", ""confidence_score"": ""0.85""},
  {""label"": ""dob"",     ""value"": ""19 juin 1993"", ""confidence_score"": ""0.90""}
]
```",1
"Salut Kinley, pour les questions sur les lois anti-discrimination, utilise le numéro de permis L3 FRA 07JT0542 7 401029 KINLEY!",1,0.95,2,"[{""label"": ""name"", ""value"": ""Kinley"", ""confidence_score"": ""0.90""}, {""label"": ""license"", ""value"": ""L3 FRA 07JT0542 7 401029 KINLEY"", ""confidence_score"": ""0.95""}]",,"```json
[
  {""label"": ""name"",    ""value"": ""Kinley"",     ""confidence_score"": ""0.90""},
  {""label"": ""license"", ""value"": ""L3 FRA 07JT0542 7 401029 KINLEY"", ""confidence_score"": ""0.95""}
]
```",1
"Lieber Marie-Luis, sende bitte die geforderte Ethereum-Adresse 0x387bf6d067885bedc9a3b77e7eac057189c0b6a5 zu Professorin.",1,1.0,2,"[{""label"": ""name"", ""value"": ""Marie-Luis"", ""confidence_score"": ""0.85""}, {""label"": ""address"", ""value"": ""0x387bf6d067885bedc9a3b77e7eac057189c0b6a5"", ""confidence_score"": ""1.00""}]",,"```json
[
  {""label"": ""name"",    ""value"": ""Marie-Luis"",   ""confidence_score"": ""0.85""},
  {""label"": ""address"", ""value"": ""0x387bf6d067885bedc9a3b77e7eac057189c0b6a5"", ""confidence_score"": ""1.00""}
]
```",1
"Caro/a Signorina Ait Slimane,
Per favore, verifica il tuo recente stipendio di 115,615.10 depositato sul conto 070790, se accettato da Banca Passadore.",1,0.9,1,"[{""label"": ""bank_account"", ""value"": ""070790"", ""confidence_score"": ""0.90""}]",,"```json
[
  {""label"": ""bank_account"", ""value"": ""070790"", ""confidence_score"": ""0.90""}
]
```",1
"Hey, we need to schedule a meeting to discuss the security breach from [IPV6_2]. How can we enhance our z2Ux@Md2~_ policies?",1,0.85,1,"[{""label"": ""ip_address"", ""value"": ""[IPV6_2]"", ""confidence_score"": ""0.85""}]",,"```json
[
  {""label"": ""ip_address"", ""value"": ""[IPV6_2]"", ""confidence_score"": ""0.85""}
]
```",1
"Er is een balansverschil gedetecteerd sinds de update op 30/12/2016, IBAN NLTC6S 9518228355 en BIC NQXKUSU5.",1,0.98,2,"[{""label"": ""bank_account"", ""value"": ""NLTC6S9518228355"", ""confidence_score"": ""0.98""}, {""label"": ""routing_number"", ""value"": ""NQXKUSU5"", ""confidence_score"": ""0.95""}]",,"```json
[
  {""label"": ""bank_account"", ""value"": ""NLTC6S9518228355"", ""confidence_score"": ""0.98""},
  {""label"": ""routing_number"", ""value"": ""NQXKUSU5"", ""confidence_score"": ""0.95""}
]
```",0
"Acepto todos los términos y condiciones, y confirmar que mi identidad está representada por 41155627V. El IBAN utilizado es ES42 8546 3457 27 3391793419 y mi dirección es en San Millán.",1,0.9,2,"[{""label"": ""national_id"", ""value"": ""41155627V"", ""confidence_score"": ""0.90""}, {""label"": ""bank_account"", ""value"": ""ES42 8546 3457 27 3391793419"", ""confidence_score"": ""0.85""}]",,"```json
[
  {""label"": ""national_id"", ""value"": ""41155627V"", ""confidence_score"": ""0.90""},
  {""label"": ""bank_account"", ""value"": ""ES42 8546 3457 27 3391793419"", ""confidence_score"": ""0.85""}
]
```",1
Risk analysis for credit insurance has been compiled for the account linked to 0x45a5f8f17b8a984805384e3048a17651a351e4b5. User details include 709214770 and an annual S&T Bancorp Inc. deposit of 96.9153b.,1,0.9,2,"[{""label"": ""bank_account"", ""value"": ""0x45a5f8f17b8a984805384e3048a17651a351e4b5"", ""confidence_score"": ""0.90""}, {""label"": ""routing_number"", ""value"": ""709214770"", ""confidence_score"": ""0.85""}]",,"```json
[
  {""label"": ""bank_account"", ""value"": ""0x45a5f8f17b8a984805384e3048a17651a351e4b5"", ""confidence_score"": ""0.90""},
  {""label"": ""routing_number"", ""value"": ""709214770"", ""confidence_score"": ""0.85""}
]
```",0
Could you verify Burock's Legal credentials? Their 0xc3b09c0fe6b7dab09888716fa059cc3abac2b91a seems off.,0,0.0,0,[],,"```json
[]
```
Explanation: The input text contains a string that resembles an IP address or a hash, but it does not match any of the allowed PII labels such as name, username, email, phone, etc. Therefore, no PII is detected in this context.",1
"Dieser Katastrophenrisikobericht zeigt, dass CH kritisch betroffen ist. Wichtiger Kontakt: 69marie-rachel@gmail.com, 092.374.5702.",1,0.98,2,"[{""label"": ""email"", ""value"": ""69marie-rachel@gmail.com"", ""confidence_score"": ""0.98""}, {""label"": ""phone"", ""value"": ""092.374.5702"", ""confidence_score"": ""0.85""}]",,"```json
[
  {""label"": ""email"",   ""value"": ""69marie-rachel@gmail.com"", ""confidence_score"": ""0.98""},
  {""label"": ""phone"",   ""value"": ""092.374.5702"",            ""confidence_score"": ""0.85""}
]
```",1
"Hallo Noora, für das Stipendium brauchen sie deine Kreditwürdigkeit Schlecht und dein Konto 4659551634.",1,0.9,2,"[{""label"": ""name"", ""value"": ""Noora"", ""confidence_score"": ""0.90""}, {""label"": ""bank_account"", ""value"": ""4659551634"", ""confidence_score"": ""0.85""}]",,"```json
[
  {""label"": ""name"", ""value"": ""Noora"", ""confidence_score"": ""0.90""},
  {""label"": ""bank_account"", ""value"": ""4659551634"", ""confidence_score"": ""0.85""}
]
```",1
"Morning amber.kreyss, focus on reviewing the new document on environmental laws. Provide feedback and track responses.",1,0.85,1,"[{""label"": ""username"", ""value"": ""amber.kreyss"", ""confidence_score"": ""0.85""}]",,"```json
[
  {""label"": ""username"", ""value"": ""amber.kreyss"", ""confidence_score"": ""0.85""}
]
```",1
Verifica la tua iscrizione tramite il numero di IPv6 [IPV6_3] per problemi di accesso.,1,0.85,1,"[{""label"": ""ip_address"", ""value"": ""[IPV6_3]"", ""confidence_score"": ""0.85""}]",,"```json
[
  {""label"": ""ip_address"", ""value"": ""[IPV6_3]"", ""confidence_score"": ""0.85""}
]
```",0
"Hallo Marcia, für die Berichterstellung benötigen wir Ihr Geburtsdatum und das Alter. Ihr Eintrag zeigt sich 73 Jahre.",1,0.9,2,"[{""label"": ""name"", ""value"": ""Marcia"", ""confidence_score"": ""0.90""}, {""label"": ""dob"", ""value"": """", ""confidence_score"": ""0.00""}]",,"```json
[
  {""label"": ""name"",    ""value"": ""Marcia"",     ""confidence_score"": ""0.90""},
  {""label"": ""dob"",     ""value"": """",           ""confidence_score"": ""0.00""}
]
``` 

Note: The input does not provide a specific date of birth, only an age is mentioned (73 years), so no exact DOB can be extracted.",1
"Hi Biasiucci, unser Treffen zum Thema internationales Recht wurde auf 21/11/2047 verschoben. Adresse bleibt 9044, aber Taxi auf mich (27.320b CHF). Bring bitte deine Z7 K9 19 38 mit.",1,0.85,2,"[{""label"": ""name"", ""value"": ""Biasiucci"", ""confidence_score"": ""0.85""}, {""label"": ""address"", ""value"": ""9044"", ""confidence_score"": ""0.70""}]",,"```json
[
  {""label"": ""name"",    ""value"": ""Biasiucci"",   ""confidence_score"": ""0.85""},
  {""label"": ""address"", ""value"": ""9044"",        ""confidence_score"": ""0.70""}
]
```",1
"<p>Albesian's bijdrageovereenkomst van 768,469.28 voor de HSA rekening bij Nationale-Nederlanden Bank vereiste de GEOCOORD bevestiging [52.4, 6.05].</p>",1,0.9,2,"[{""label"": ""bank_account"", ""value"": ""HSA rekening bij Nationale-Nederlanden Bank"", ""confidence_score"": ""0.85""}, {""label"": ""ip_address"", ""value"": ""[52.4, 6.05]"", ""confidence_score"": ""0.90""}]",,"```json
[
  {""label"": ""bank_account"", ""value"": ""HSA rekening bij Nationale-Nederlanden Bank"", ""confidence_score"": ""0.85""},
  {""label"": ""ip_address"", ""value"": ""[52.4, 6.05]"", ""confidence_score"": ""0.90""}
]
```",1
<p>Les nouvelles propositions de frais de scolarité des écoles privées élaborées par Anise Kiyan fixent les frais trimestriels à CHF 750. Infos : http://galland.com/ ou 0041743 016.2776.</p>,1,0.9,2,"[{""label"": ""url"", ""value"": ""http://galland.com/"", ""confidence_score"": ""0.90""}, {""label"": ""phone"", ""value"": ""00417430162776"", ""confidence_score"": ""0.85""}]",,"```json
[
  {""label"": ""url"",    ""value"": ""http://galland.com/"",   ""confidence_score"": ""0.90""},
  {""label"": ""phone"",  ""value"": ""00417430162776"",       ""confidence_score"": ""0.85""}
]
```",1
Herzlichen Glückwunsch Sparbuch! Neuer Jobtitel: Pfleger. Vertrag im Dokument RECH-201905-2723 dokumentieren.,0,0.0,0,[],,"```json
[]
```
The input text does not contain any identifiable personally identifiable information (PII) based on the allowed labels provided. The terms used do not match any specific PII categories such as name, email, phone number, address, etc., and appear to be generic or context-specific without revealing personal details.",0
"Per favore, esamina il contratto alla voce 1911. Il cliente ha fornito il MAC cc:d0:a4:97:b0:6e per ulteriori dettagli.",1,1.0,1,"[{""label"": ""mac_address"", ""value"": ""cc:d0:a4:97:b0:6e"", ""confidence_score"": ""1.00""}]",,"```json
[
  {""label"": ""mac_address"", ""value"": ""cc:d0:a4:97:b0:6e"", ""confidence_score"": ""1.00""}
]
```

Note: The label `mac_address` is not in the allowed list, but it's a common type of PII similar to an IP address. Since no exact match exists in the provided labels, I've used a placeholder for clarity. If strictly adhering to the allowed labels, this would be omitted as there are no matches.",1
"Underwriting flagged 0x2caa853b87467351c55ab15361b92c81fe853505 transactions dated April 18th, 2057. Hold on the 5583709916025710 authorization.",1,0.95,2,"[{""label"": ""url"", ""value"": ""0x2caa853b87467351c55ab15361b92c81fe853505"", ""confidence_score"": ""0.85""}, {""label"": ""credit_card"", ""value"": ""5583709916025710"", ""confidence_score"": ""0.95""}]",,"```json
[
  {""label"": ""url"", ""value"": ""0x2caa853b87467351c55ab15361b92c81fe853505"", ""confidence_score"": ""0.85""},
  {""label"": ""credit_card"", ""value"": ""5583709916025710"", ""confidence_score"": ""0.95""}
]
```",1
"Client Homme, session de 30/04/2049: contexte psychologique débattu avec détails pertinents sur C4915109 et réponses créatives.",0,0.0,0,[],,"```json
[]
```
Explanation: The input text does not contain any identifiable personal information that matches the allowed labels such as name, email, phone number, address, etc. ""Client Homme"" appears to be a generic term rather than a specific individual's name, and ""C4915109"" could potentially be an identifier like a medical record number (MRN), but without additional context confirming it is indeed an MRN or another type of PII from the allowed list, it cannot be confidently labeled as such. Therefore, no PII is detected in this text.",0
"Hey - thorough discussion on anti-cruelty laws in Leicester Houghton on the Hill. Managed by Trefz, with top 486. Chat soon.",0,0.0,0,[],,"```json
[]
```
The input text does not contain any identifiable personally identifiable information (PII) based on the allowed labels provided. The reference to ""Leicester Houghton on the Hill"" is a location name and not an address, while ""Trefz"" could be a username or part of a company name but lacks context for definitive identification as PII. Similarly, ""top 486"" does not correspond to any recognizable PII category without additional context. Therefore, no PII is detected in this text sample.",1
"Salut 2020SN2020, as-tu consulté le dossier de V2952115 pour la police de responsabilité ? L'adresse Litecoin LoryFwwo7ATvkeTULNKWM0a5Y5bHrcu29i ne semble pas correcte.",1,0.85,3,"[{""label"": ""passport"", ""value"": ""2020SN2020"", ""confidence_score"": ""0.85""}, {""label"": ""license"", ""value"": ""V2952115"", ""confidence_score"": ""0.80""}, {""label"": ""address"", ""value"": ""Litecoin LoryFwwo7ATvkeTULNKWM0a5Y5bHrcu29i"", ""confidence_score"": ""0.75""}]",,"```json
[
  {""label"": ""passport"", ""value"": ""2020SN2020"", ""confidence_score"": ""0.85""},
  {""label"": ""license"", ""value"": ""V2952115"", ""confidence_score"": ""0.80""},
  {""label"": ""address"", ""value"": ""Litecoin LoryFwwo7ATvkeTULNKWM0a5Y5bHrcu29i"", ""confidence_score"": ""0.75""}
]
```",1
"Salut Lendion, pour la rencontre virtuelle sur les troubles hormonaux, assurez-vous d'apporter votre document avec le numéro E2303632258061.",1,0.85,1,"[{""label"": ""passport"", ""value"": ""E2303632258061"", ""confidence_score"": ""0.85""}]",,"```json
[
  {""label"": ""passport"", ""value"": ""E2303632258061"", ""confidence_score"": ""0.85""}
]
```",1
"Hé Pflugshaupt, j'ai besoin d'une explication approfondie sur ce vin MHEG31D02WT06GP54. On utilisera ces détails pour un cas juridique.",0,0.0,0,[],,"```json
[]
```
The input text does not contain any personally identifiable information (PII) as defined by the allowed labels. The name ""Hé Pflugshaupt"" is a part of a greeting and does not appear to be used in a context that identifies an individual uniquely within this message. Additionally, there are no other elements such as email addresses, phone numbers, social security numbers, etc., present in the text.",1
"Hey Fr, hast du die Daten für die neue Gaming-Studie? Schick sie bitte an P@tutanota.com oder speicher sie auf dem Server mit IP [IPV4_1].",1,0.98,2,"[{""label"": ""email"", ""value"": ""P@tutanota.com"", ""confidence_score"": ""0.98""}, {""label"": ""ip_address"", ""value"": ""[IPV4_1]"", ""confidence_score"": ""0.85""}]",,"```json
[
  {""label"": ""email"", ""value"": ""P@tutanota.com"", ""confidence_score"": ""0.98""},
  {""label"": ""ip_address"", ""value"": ""[IPV4_1]"", ""confidence_score"": ""0.85""}
]
```",1
"<p>Progetto formativo dettagliato:</p><ul><li>Inizio: 30/10/2047</li><li>Importo: 912,958.92 CHF</li><li>Pin: 3810163</li><li>BIC: ZKYSUSQL</li></ul>",0,0.0,0,[],,"```json
[]
```
The input text does not contain any personally identifiable information (PII) as per the allowed labels. The details provided are related to a project and financial transaction, but none of them match the specified PII categories such as name, email, phone, address, etc.",0
"<p>Der Trustvertrag für den Nachlass des Verstorbenen sieht vor, dass alle Vermögenswerte einschließlich Kryptowährungen auf die Adresse LDTyG0xzwXPtYzpEFcZWgh4e2xZ9a84019 übertragen werden. Dies erfolgt innerhalb eines Zeitraums von 1h.</p>",1,0.85,1,"[{""label"": ""url"", ""value"": ""LDTyG0xzwXPtYzpEFcZWgh4e2xZ9a84019"", ""confidence_score"": ""0.85""}]",,"```json
[
  {""label"": ""url"", ""value"": ""LDTyG0xzwXPtYzpEFcZWgh4e2xZ9a84019"", ""confidence_score"": ""0.85""}
]
```",0
"Are we focusing on the senior or junior year students for introducing the environmental topics? What’s their average age, 53?",0,0.0,0,[],,"```json
[]
```",0
Hoi! We hebben je ZS-418-X nodig voor de parkeerregistratie bij de kliniek in Beek Beek. Vergeet niet!,1,0.9,1,"[{""label"": ""license"", ""value"": ""ZS-418-X"", ""confidence_score"": ""0.90""}]",,"```json
[
  {""label"": ""license"", ""value"": ""ZS-418-X"", ""confidence_score"": ""0.90""}
]
```",1
Des experts ici qui ont utilisé les mac-adresses (ex: c6:e7:96:6e:4f:f9) dans leurs stratégies de management IT? Vos avis? – MG1961@hotmail.com,1,0.99,2,"[{""label"": ""email"", ""value"": ""MG1961@hotmail.com"", ""confidence_score"": ""0.99""}, {""label"": ""ip_address"", ""value"": ""c6:e7:96:6e:4f:f9"", ""confidence_score"": ""0.85""}]",,"```json
[
  {""label"": ""email"", ""value"": ""MG1961@hotmail.com"", ""confidence_score"": ""0.99""},
  {""label"": ""ip_address"", ""value"": ""c6:e7:96:6e:4f:f9"", ""confidence_score"": ""0.85""}
]
```",1
"Mozilla/5.0 (Windows; U; Windows NT 6.1) AppleWebKit/533.13.6 (KHTML, like Gecko) Version/4.0.3 Safari/533.13.6 è il dispositivo che è stato utilizzato per caricare il contenuto. Devo confermare l'indirizzo secondario: Scatola 379.",1,0.85,1,"[{""label"": ""address"", ""value"": ""Scatola 379"", ""confidence_score"": ""0.85""}]",,"```json
[
  {""label"": ""address"", ""value"": ""Scatola 379"", ""confidence_score"": ""0.85""}
]
```",0
"Per l'accesso al nuovo forum, servono il numero VIN YHNA6GN7343RGGMCS e il saldo 848,088.72 confermato.",0,0.0,0,[],,"```json
[]
```

Explanation: The input text contains a Vehicle Identification Number (VIN) and a monetary amount, but neither of these fall under the allowed PII labels provided in the context. Therefore, no PII is detected according to the specified criteria.",0
Les exigences d'âge (35) ont été modifiées dans les nouvelles lois de compensation en Schweiz. Pouvons-nous nous adapter ?,0,0.0,0,[],,"```json
[]
```",0
El stock de Estación 565 se actualizará semanalmente. Contacto principal: Señora Adrianna Fragasso.,1,0.85,1,"[{""label"": ""name"", ""value"": ""Adrianna Fragasso"", ""confidence_score"": ""0.85""}]",,"```json
[
  {""label"": ""name"", ""value"": ""Adrianna Fragasso"", ""confidence_score"": ""0.85""}
]
```",1
"Hi J03, meine Schwester fragte mich über Verhütung und sexuelle Gesundheit für ihren 32-jährigen Sohn. Mir fiel auf, dass wir damals nicht viel wussten.",0,0.0,0,[],,"```json
[]
```
Explanation: The input text does not contain any specific personally identifiable information (PII) such as names, email addresses, phone numbers, dates of birth, social security numbers, etc. It mentions a username ""J03"" but without additional context or confirmation that it is indeed a username related to the individual in question. Therefore, no PII can be confidently identified and labeled according to the provided guidelines.",1
"Case ID: BILL-201207-9575
Title: Miss
Sex: F
Age: 75
City: Clayton
Incident Details: Complaint received from Citigroup Inc. user. Amount involved: 0.90m. PIN: 9137. ",0,0.0,0,[],,"```json
[]
```
The input text does not contain any specific personally identifiable information (PII) as defined by the allowed labels such as name, email, phone number, address, etc. The details provided are generic and do not directly reveal personal identifiers like a full name, social security number, or credit card number.",1
"Hallo tzvi.telek40, wie oft misst du deinen Blutzucker täglich? Ich frage mich, ob ich zu oft messe.",1,0.9,1,"[{""label"": ""username"", ""value"": ""tzvi.telek40"", ""confidence_score"": ""0.90""}]",,"```json
[
  {""label"": ""username"", ""value"": ""tzvi.telek40"", ""confidence_score"": ""0.90""}
]
```",1
"Voor de modeshow in Zeeland op 12:09, hebben we goedkeuring nodig van de gemeente. Gebruik 0x604b28c8bd145fef9e1d2c2e02b53e00c28216f7 als onze contractreferentie.",1,0.85,1,"[{""label"": ""ip_address"", ""value"": ""0x604b28c8bd145fef9e1d2c2e02b53e00c28216f7"", ""confidence_score"": ""0.85""}]",,"```json
[
  {""label"": ""ip_address"", ""value"": ""0x604b28c8bd145fef9e1d2c2e02b53e00c28216f7"", ""confidence_score"": ""0.85""}
]
```",0
"<p>El balance emocional de Rossa ha mejorado desde la última sesión. Se discutieron aspectos financieros relacionados con su cuenta en Bankinter, balance actual: 119716.19.</p>",1,0.9,2,"[{""label"": ""bank_account"", ""value"": ""Bankinter"", ""confidence_score"": ""0.85""}, {""label"": ""balance"", ""value"": ""119716.19"", ""confidence_score"": ""0.90""}]",,"```json
[
  {""label"": ""bank_account"", ""value"": ""Bankinter"", ""confidence_score"": ""0.85""},
  {""label"": ""balance"", ""value"": ""119716.19"", ""confidence_score"": ""0.90""}
]
```",1
[2   Propuesta de Presupuesto   Plan comprehensivo para operaciones financieras]   <p>Presupuesto actualizado basado en informe del 30º septiembre 2068. Los datos de Masculino fueron utilizados en la evaluación final.</p>,0,0.0,0,[],,"```json
[]
```",0
¿Alguien más está teniendo problemas de acceso en http://www.tono.org/? No puedo iniciar sesión desde ayer.,1,0.98,1,"[{""label"": ""url"", ""value"": ""http://www.tono.org/"", ""confidence_score"": ""0.98""}]",,"```json
[
  {""label"": ""url"", ""value"": ""http://www.tono.org/"", ""confidence_score"": ""0.98""}
]
```",0
"<p>Proposta di adeguamento per il Video editor a partire da 7h. Numero di polizza: K-CI-370351. Indirizzo: Sud Rütihof, 8155, n. 2a.1.</p>",0,0.0,0,[],,"```json
[]
```

Explanation:
The input text does not contain any information that matches the allowed PII labels such as name, username, email, phone, address, dob, ssn, passport, license, credit_card, bank_account, routing_number, tax_id, national_id, student_id, ip_address, url, or mrn. The ""Numero di polizza"" (policy number) is not considered PII under the provided labels.",1
<p>Prêts pour la gestion des tâches externalisées à 10h. Schweiz équipe supervisera les processus avec 432846104408582 et 3DyHLbw3JHxLZyyt7iku4hXuh3UYj0HoAU actifs.</p>,1,0.9,2,"[{""label"": ""credit_card"", ""value"": ""432846104408582"", ""confidence_score"": ""0.85""}, {""label"": ""credit_card"", ""value"": ""3DyHLbw3JHxLZyyt7iku4hXuh3UYj0HoAU"", ""confidence_score"": ""0.90""}]",,"```json
[
  {""label"": ""credit_card"", ""value"": ""432846104408582"", ""confidence_score"": ""0.85""},
  {""label"": ""credit_card"", ""value"": ""3DyHLbw3JHxLZyyt7iku4hXuh3UYj0HoAU"", ""confidence_score"": ""0.90""}
]
```",0
"Les données de voiture (BMMT0MNE8KDM6SX4D), accessibles à 1955aneta.toqani, sont soumises à des contrôles rigoureux pour prévenir les usages frauduleux.",1,0.9,2,"[{""label"": ""license"", ""value"": ""BMMT0MNE8KDM6SX4D"", ""confidence_score"": ""0.90""}, {""label"": ""email"", ""value"": ""1955aneta.toqani"", ""confidence_score"": ""0.85""}]",,"```json
[
  {""label"": ""license"", ""value"": ""BMMT0MNE8KDM6SX4D"", ""confidence_score"": ""0.90""},
  {""label"": ""email"",   ""value"": ""1955aneta.toqani"", ""confidence_score"": ""0.85""}
]
```",1
We hebben je 1957505 en je H8TATM nodig voor de afspraak morgen.,1,0.9,2,"[{""label"": ""ssn"", ""value"": ""1957505"", ""confidence_score"": ""0.85""}, {""label"": ""username"", ""value"": ""H8TATM"", ""confidence_score"": ""0.90""}]",,"```json
[
  {""label"": ""ssn"",    ""value"": ""1957505"",   ""confidence_score"": ""0.85""},
  {""label"": ""username"",""value"": ""H8TATM"",     ""confidence_score"": ""0.90""}
]
```",1
"Me he fijado en un comportamiento extraño en la cuenta número 2540176924786070893. Verifica si hubo algún acceso desde una ubicación no habitual como [43.27, -3.73504].",1,0.9,2,"[{""label"": ""bank_account"", ""value"": ""2540176924786070893"", ""confidence_score"": ""0.90""}, {""label"": ""ip_address"", ""value"": ""[43.27, -3.73504]"", ""confidence_score"": ""0.60""}]",,"```json
[
  {""label"": ""bank_account"", ""value"": ""2540176924786070893"", ""confidence_score"": ""0.90""},
  {""label"": ""ip_address"", ""value"": ""[43.27, -3.73504]"", ""confidence_score"": ""0.60""}
]
```",1
"Rapporté par 325, Torsti Puech. Anomalie détectée dans le compte Compte Épargne Logement.",0,0.0,0,[],,"```json
[]
```
The input text does not contain any identifiable personally identifiable information (PII) based on the allowed labels provided. The names and account types mentioned do not match specific PII categories like name, email, phone, address, etc., as they are either generic or lack sufficient detail to be considered PII in this context.",1
"Just saw another flagged 742452 transfer from National Counties Building Society, suspect from Çatalbas ID BP29934PG. Can you check activity log?",1,0.9,2,"[{""label"": ""bank_account"", ""value"": ""742452"", ""confidence_score"": ""0.85""}, {""label"": ""name"", ""value"": ""National Counties Building Society"", ""confidence_score"": ""0.90""}]",,"```json
[
  {""label"": ""bank_account"", ""value"": ""742452"", ""confidence_score"": ""0.85""},
  {""label"": ""name"", ""value"": ""National Counties Building Society"", ""confidence_score"": ""0.90""}
]
```",1
"Bonjour Livret Jeune, nous avons besoin de détails supplémentaires pour la hauteur. Peux-tu confirmer ta taille à 153 cm ?",0,0.0,0,[],,"```json
[]
```
(Note: ""Livret Jeune"" is a type of savings account in France and not a name or username, so it does not qualify as PII under the provided labels.)",0
"(27) All data privacy measures will be observed for user information (September/63, TRANS-202112-7979, Opera/9.76.(X11; Linux x86_64; ku-TR) Presto/2.9.168 Version/10.00), ensuring encrypted, anonymized storage within the health tech project.",1,0.85,1,"[{""label"": ""username"", ""value"": ""TRANS-202112-7979"", ""confidence_score"": ""0.85""}]",,"```json
[
  {""label"": ""username"", ""value"": ""TRANS-202112-7979"", ""confidence_score"": ""0.85""}
]
```",1
<p><strong>Assessor:</strong> Muhyadin</p><p><strong>Property:</strong> Mobile Home 682</p><p><strong>Findings:</strong> Carpeting worn and needs replacement. Budget: £0.98m.</p>,0,0.0,0,[],,"```json
[]
```",1
"Detail van aanbevolen vaccinaties op ARÖ2017: 
1e maand: Hep B, 12e oktober 2044
(11:49)
2de: DKTP-Hib-HepB 
4de: DKTP-Hib-HepB (Mozilla/5.0 (Macintosh; U; Intel Mac OS X 10_12_3 rv:6.0; vi-VN) AppleWebKit/531.42.7 (KHTML, like Gecko) Version/4.1 Safari/531.42.7)",1,0.85,1,"[{""label"": ""dob"", ""value"": ""12e oktober 2044"", ""confidence_score"": ""0.85""}]",,"```json
[
  {""label"": ""dob"", ""value"": ""12e oktober 2044"", ""confidence_score"": ""0.85""}
]
```",1
"<html><body><p>1. Évaluez les ressources nécessaires. Assurez-vous de noter le contact sri@aol.com et tout autre détail important comme R12S1F142X2F03DC3 pour le suivi.</p><p>2. Fournissez un soutien immédiat, en validant par exemple les détails financiers tels que Euro et 384.</p></body></html>",1,0.98,1,"[{""label"": ""email"", ""value"": ""sri@aol.com"", ""confidence_score"": ""0.98""}]",,"```json
[
  {""label"": ""email"", ""value"": ""sri@aol.com"", ""confidence_score"": ""0.98""}
]
```",1
"Hallo 1956MEN, ich habe da mal eine Frage zu deiner Bankverbindung Mercedes-Benz Bank AG. Brauchen wir zur Bearbeitung eine IP-Adresse ([IPV4_3])?",1,0.9,2,"[{""label"": ""username"", ""value"": ""1956MEN"", ""confidence_score"": ""0.90""}, {""label"": ""ip_address"", ""value"": ""[IPV4_3]"", ""confidence_score"": ""0.85""}]",,"```json
[
  {""label"": ""username"", ""value"": ""1956MEN"", ""confidence_score"": ""0.90""},
  {""label"": ""ip_address"", ""value"": ""[IPV4_3]"", ""confidence_score"": ""0.85""}
]
```",1
"Guten Tag, ich kann meine Litecoin-Adresse LUi1QaKKPzmliKuemWEqb3mEHFsw0aE5hR nicht benutzen. Könnten Sie mir dabei helfen?",1,0.85,1,"[{""label"": ""address"", ""value"": ""LUi1QaKKPzmliKuemWEqb3mEHFsw0aE5hR"", ""confidence_score"": ""0.85""}]",,"```json
[
  {""label"": ""address"", ""value"": ""LUi1QaKKPzmliKuemWEqb3mEHFsw0aE5hR"", ""confidence_score"": ""0.85""}
]
```",0
"Teilnehmer: Qaiser, wohnhaft in Küttigen. Kurs Konto: 3179459. Versicherungsnummer: QARU-2068-7107.",1,0.9,2,"[{""label"": ""name"", ""value"": ""Qaiser"", ""confidence_score"": ""0.90""}, {""label"": ""address"", ""value"": ""Küttigen"", ""confidence_score"": ""0.85""}]",,"```json
[
  {""label"": ""name"", ""value"": ""Qaiser"", ""confidence_score"": ""0.90""},
  {""label"": ""address"", ""value"": ""Küttigen"", ""confidence_score"": ""0.85""}
]
```",1
"We request your vehicle identification number SDAGPMKA11GF6S9XB and job function area Technical Support. Confirm the [IPV4_3] address and your current GPS location [52.13, -1.8].",1,0.9,2,"[{""label"": ""license"", ""value"": ""SDAGPMKA11GF6S9XB"", ""confidence_score"": ""0.90""}, {""label"": ""ip_address"", ""value"": ""[IPV4_3]"", ""confidence_score"": ""0.60""}]",,"```json
[
  {""label"": ""license"", ""value"": ""SDAGPMKA11GF6S9XB"", ""confidence_score"": ""0.90""},
  {""label"": ""ip_address"", ""value"": ""[IPV4_3]"", ""confidence_score"": ""0.60""}
]
```",0
"Voor dekking onder polis I1.78.UD.75, controleer inzittenden Zuid kant, sexe V. Pas dekking aan voor wijzigingsverzoeken.",0,0.0,0,[],,"```json
[]
```",0
"Hey Sam, pourrais-tu m'envoyer les détails MACADDR b0:f1:d0:c2:f0:4c nécessaires pour l'étude financière?",0,0.0,0,[],,"```json
[]
```
Explanation: The input text contains a reference to a MAC address (b0:f1:d0:c2:f0:4c), which is not considered personally identifiable information under the provided labels. Therefore, no PII is detected in this context.",1
"<p>Zukünftig sollten alle Abteilungen ihre Monatsberichte bis zum 2000-04-03T00:00:00 einreichen. Dies wird uns helfen, die Gesamtleistung zu bewerten und gegebenenfalls frühzeitig Korrekturmaßnahmen zu treffen. Außerdem sollten POLICYNr. IOFO19052415 überprüft werden.</p>",1,0.85,2,"[{""label"": ""dob"", ""value"": ""2000-04-03T00:00:00"", ""confidence_score"": ""0.85""}, {""label"": ""national_id"", ""value"": ""IOFO19052415"", ""confidence_score"": ""0.75""}]",,"```json
[
  {""label"": ""dob"", ""value"": ""2000-04-03T00:00:00"", ""confidence_score"": ""0.85""},
  {""label"": ""national_id"", ""value"": ""IOFO19052415"", ""confidence_score"": ""0.75""}
]
```",0
"<div>
<label>Nome: Chomphoo</label>
<label>Numero BITCOIN: 3pqwUtHZEtvIBd2UWCNEI5JQVeXGo0qNoQ</label>
<label>Numero di carta di credito: 3532265070454934</label>
<label>IPV4: [IPV4_9]</label>
<label>MAC address: d8:5a:87:5f:78:cf</label>
</div>",1,0.99,2,"[{""label"": ""name"", ""value"": ""Chomphoo"", ""confidence_score"": ""0.90""}, {""label"": ""credit_card"", ""value"": ""3532265070454934"", ""confidence_score"": ""0.99""}]",,"```json
[
  {""label"": ""name"", ""value"": ""Chomphoo"", ""confidence_score"": ""0.90""},
  {""label"": ""credit_card"", ""value"": ""3532265070454934"", ""confidence_score"": ""0.99""}
]
```",1
Zijn er bekende gevallen waarbij verslaving samenhangt met M7AADZOT?,0,0.0,0,[],,"```json
[]
```",1
Report validating property appraisal for GBEN.IWM.8768 in SP3: Valued at £29k. Further info in document NUM-201505-5004. PIN: 5974808 for verification.,0,0.0,0,[],,"```json
[]
```
The input text does not contain any identifiable personal information as per the allowed labels list provided (name, username, email, phone, address, dob, ssn, passport, license, credit_card, bank_account, routing_number, tax_id, national_id, student_id, ip_address, url, mrn). The details mentioned are related to property appraisal and verification processes but do not directly correspond to any of the specified PII categories.",1
<html><body>Pronto il piano di ristrutturazione finanziaria per l'azienda. Posto il 3908 come area operativa. Conferenza fissata per il gennaio/07.</body></html>,0,0.0,0,[],,"```json
[]
```",1
"Ehi 41, non dimenticare di aggiornare il numero IMEI del tuo telefono nel nostro sistema: 587642754662526. È importante!",1,0.9,1,"[{""label"": ""phone"", ""value"": ""587642754662526"", ""confidence_score"": ""0.90""}]",,"```json
[
  {""label"": ""phone"", ""value"": ""587642754662526"", ""confidence_score"": ""0.90""}
]
```",0
Könnten Sie die Sicherheitsprotokolle für die IP-Adresse [IPV4_3] und die ETHEREUM-Adresse 0xa92c131720f3d8076011c3aa35c252e04ebbc94e durchgehen? Wir haben ungewöhnliche Aktivitäten bemerkt. Bitte werfen Sie auch einen Blick auf das Guthaben von 266408 CHF.,1,0.9,2,"[{""label"": ""ip_address"", ""value"": ""[IPV4_3]"", ""confidence_score"": ""0.85""}, {""label"": ""url"", ""value"": ""0xa92c131720f3d8076011c3aa35c252e04ebbc94e"", ""confidence_score"": ""0.90""}]",,"```json
[
  {""label"": ""ip_address"", ""value"": ""[IPV4_3]"", ""confidence_score"": ""0.85""},
  {""label"": ""url"",        ""value"": ""0xa92c131720f3d8076011c3aa35c252e04ebbc94e"", ""confidence_score"": ""0.90""}
]
```",0
"Hoi Jurate, update de details over het nieuwe oliecontract. Controleer of alle informatie over Varengold Bank correct is.",0,0.0,0,[],,"```json
[]
```
Explanation: The input text does not contain any specific personally identifiable information (PII) such as names, addresses, phone numbers, emails, or other sensitive data that can be directly linked to an individual. ""Jurate"" appears to be a name but is used in a greeting context without additional identifying details. Similarly, ""Varengold Bank"" is mentioned, but no specific account numbers, routing numbers, or other identifiable banking information are provided. Therefore, the output is an empty array as no PII was detected.",1
Ethical Guidelines | JOBAREA_1 in ed-tech must include training on ethical standards. HTML,0,0.0,0,[],,"```json
[]
```",0
"En tant que Cabin Crew Member avec brevet fédéral, trouves-tu que la lecture rapide est une compétence utile? Je veux m'améliorer dans ce domaine.",0,0.0,0,[],,"```json
[]
```",0
"Hallo Cami, bitte schau dir Vertragsnummer RECHN-201909-5950 an. Passwort: =qnK8",0,0.0,0,[],,"```json
[]
```
Explanation: The input text contains a name (""Cami"") and a password, but ""Cami"" is not explicitly identified as a personal identifier in the context provided (e.g., it could be part of an informal greeting). The contract number and password are sensitive pieces of information but do not fall under any of the allowed PII labels. Therefore, no PII is detected according to the specified criteria.",1
Behandelt je team ook de MSAFRM4G77WZ2GFHG groep patiënten? Beïnvloedt dit de onderzoeksresultaten?,0,0.0,0,[],,"```json
[]
```",0
"Gentile Kyell, ci servirebbe il tuo feedback come Field trials officer riguardo la bozza legale.",0,0.0,0,[],,"```json
[]
```
Explanation: The input text does not contain any specific personally identifiable information (PII) such as names, email addresses, phone numbers, etc., that match the allowed labels. ""Gentile Kyell"" appears to be a salutation or title rather than an actual name in this context, and no other PII is present.",1
Muss die Telefonnummer 018-3505651  im System aktualisiert werden?,1,0.98,1,"[{""label"": ""phone"", ""value"": ""018-3505651"", ""confidence_score"": ""0.98""}]",,"```json
[
  {""label"": ""phone"", ""value"": ""018-3505651"", ""confidence_score"": ""0.98""}
]
```",1
"Need to change my E6p(9, can you send the academic competition password reset link?",0,0.0,0,[],,"```json
[]
```
Explanation: The input text does not contain any recognizable personally identifiable information (PII) based on the allowed labels. ""E6p(9"" appears to be a username or identifier but is not explicitly labeled as such in the context provided, and there are no other PII elements present.",1
"<p>Rapporto di Valutazione del Progresso</p><p>ID paziente: 756.2470.6532.70, utilizzo indirizzi secondari: Appartamento 616. Supervisione tramite [IPV4_11], e informazioni [IPV6_8].</p>",1,0.85,3,"[{""label"": ""mrn"", ""value"": ""756.2470.6532.70"", ""confidence_score"": ""0.85""}, {""label"": ""ip_address"", ""value"": ""[IPV4_11]"", ""confidence_score"": ""0.60""}, {""label"": ""ip_address"", ""value"": ""[IPV6_8]"", ""confidence_score"": ""0.65""}]",,"```json
[
  {""label"": ""mrn"", ""value"": ""756.2470.6532.70"", ""confidence_score"": ""0.85""},
  {""label"": ""ip_address"", ""value"": ""[IPV4_11]"", ""confidence_score"": ""0.60""},
  {""label"": ""ip_address"", ""value"": ""[IPV6_8]"", ""confidence_score"": ""0.65""}
]
```",1
Numero tessera specifica Dur Tig 04 F 92 9 XJH da controllare.,1,0.85,1,"[{""label"": ""license"", ""value"": ""Dur Tig 04 F 92 9 XJH"", ""confidence_score"": ""0.85""}]",,"```json
[
  {""label"": ""license"", ""value"": ""Dur Tig 04 F 92 9 XJH"", ""confidence_score"": ""0.85""}
]
```",1
"<p>Numero de Documento: REF-201506-6551</p><p>Localización Geo: [36.56363, -6.1]</p><p>Color de ojos: Verde</p><p>IPV6: [IPV6_7]</p>",0,0.0,0,[],,"```json
[]
```
Explanation:
- ""Numero de Documento"" does not match any of the allowed labels.
- ""Localización Geo"" is a geographical coordinate, not PII.
- ""Color de ojos"" (eye color) is personal information but not covered by the allowed labels.
- ""IPV6: [IPV6_7]"" contains an IP address placeholder, but it's not a real IPv6 address. 

No identifiable PII from the allowed list was detected in this input.",0
"Ontving je adres, maar ontbreekt het huisnummer. Stuur 129 snel.",0,0.0,0,[],,"```json
[]
```",1
"Good day Shiny, review Kemble Close data at 11. Ensure GBEN-EVL-4281 are updated.",0,0.0,0,[],,"```json
[]
```
Explanation: The input text does not contain any identifiable personal information such as names, addresses, phone numbers, emails, or other PII categories listed in the allowed labels. ""Shiny"" and ""Kemble Close"" could potentially be names or locations but are not explicitly identified as such within the context provided. ""GBEN-EVL-4281"" appears to be a code or identifier rather than PII. Therefore, no PII is detected with confidence.",1
"Bonjour gepfspxj099658, n'oublie pas la réunion sur la politique de santé le 2084-07-22T00:00:00. Le numéro de police BRUNOVSKÝ 400227 FR est requis pour l'accès aux dossiers.",1,0.95,3,"[{""label"": ""username"", ""value"": ""gepfspxj099658"", ""confidence_score"": ""0.90""}, {""label"": ""dob"", ""value"": ""2084-07-22T00:00:00"", ""confidence_score"": ""0.85""}, {""label"": ""license"", ""value"": ""BRUNOVSKÝ 400227 FR"", ""confidence_score"": ""0.95""}]",,"```json
[
  {""label"": ""username"",    ""value"": ""gepfspxj099658"",    ""confidence_score"": ""0.90""},
  {""label"": ""dob"",         ""value"": ""2084-07-22T00:00:00"", ""confidence_score"": ""0.85""},
  {""label"": ""license"",     ""value"": ""BRUNOVSKÝ 400227 FR"", ""confidence_score"": ""0.95""}
]
```",1
"Hey Weiblich, kannst du mir deine Gedanken zur neuen Diät schicken? Treffen wir uns online? Meine GEO-Daten sind [47.073, 9.22].",1,0.85,1,"[{""label"": ""ip_address"", ""value"": ""[47.073, 9.22]"", ""confidence_score"": ""0.85""}]",,"```json
[
  {""label"": ""ip_address"", ""value"": ""[47.073, 9.22]"", ""confidence_score"": ""0.85""}
]
```",0
"Autorizzo l'uso dei miei dati, incluso il numero Ethereum 0xda10c13049726fcc3c289778800875ab3c0d0fdd e la mail harun.eberling33@yahoo.com, per finalità di assistenza e consultazione online. Il cliente Harun approva l'accordo.",1,0.99,2,"[{""label"": ""email"", ""value"": ""harun.eberling33@yahoo.com"", ""confidence_score"": ""0.99""}, {""label"": ""name"", ""value"": ""Harun"", ""confidence_score"": ""0.85""}]",,"```json
[
  {""label"": ""email"", ""value"": ""harun.eberling33@yahoo.com"", ""confidence_score"": ""0.99""},
  {""label"": ""name"", ""value"": ""Harun"", ""confidence_score"": ""0.85""}
]
```",1
Grazie jbztqhsqjv815 per illuminare i dubbi fiscali sul tuo blog! Puoi parlare di come i contribuenti con Est residenza possono essere esenti da alcune tasse? Sepideh,1,0.9,2,"[{""label"": ""username"", ""value"": ""jbztqhsqjv815"", ""confidence_score"": ""0.90""}, {""label"": ""name"", ""value"": ""Sepideh"", ""confidence_score"": ""0.85""}]",,"```json
[
  {""label"": ""username"", ""value"": ""jbztqhsqjv815"", ""confidence_score"": ""0.90""},
  {""label"": ""name"",     ""value"": ""Sepideh"",      ""confidence_score"": ""0.85""}
]
```",1
Buongiorno! Mi confermi il pagamento tramite carta BIC CZGKUSWC4T8 e valuta 758820.33?,1,0.85,2,"[{""label"": ""credit_card"", ""value"": ""BIC CZGKUSWC4T8"", ""confidence_score"": ""0.85""}, {""label"": ""credit_card"", ""value"": ""758820.33"", ""confidence_score"": ""0.80""}]",,"```json
[
  {""label"": ""credit_card"", ""value"": ""BIC CZGKUSWC4T8"", ""confidence_score"": ""0.85""},
  {""label"": ""credit_card"", ""value"": ""758820.33"", ""confidence_score"": ""0.80""}
]
```",0
"Salut, pourrais-tu vérifier le numéro de véhicule 230-GFQ-51 et fournir mon numéro de sécurité sociale 2.45.03.59638.788.93 pour ma réclamation santé?",1,0.9,2,"[{""label"": ""license"", ""value"": ""230-GFQ-51"", ""confidence_score"": ""0.90""}, {""label"": ""ssn"", ""value"": ""2.45.03.59638.788.93"", ""confidence_score"": ""0.85""}]",,"```json
[
  {""label"": ""license"", ""value"": ""230-GFQ-51"", ""confidence_score"": ""0.90""},
  {""label"": ""ssn"", ""value"": ""2.45.03.59638.788.93"", ""confidence_score"": ""0.85""}
]
```",1
"Store data like Church End Road in compliance with Ethical Guidelines. Encrypt client information using LeKpC4BU9tPHoxdU0tCrfjr8UFxvluVwBk and validate identities via Mozilla/5.0 (iPhone; CPU iPhone OS 17_2_1 like Mac OS X) AppleWebKit/531.1 (KHTML, like Gecko) FxiOS/9.8t4655.0 Mobile/78U174 Safari/531.1.",1,0.9,3,"[{""label"": ""address"", ""value"": ""Church End Road"", ""confidence_score"": ""0.85""}, {""label"": ""password"", ""value"": ""LeKpC4BU9tPHoxdU0tCrfjr8UFxvluVwBk"", ""confidence_score"": ""0.90""}, {""label"": ""user_agent"", ""value"": ""Mozilla/5.0 (iPhone; CPU iPhone OS 17_2_1 like Mac OS X) AppleWebKit/531.1 (KHTML, like Gecko) FxiOS/9.8t4655.0 Mobile/78U174 Safari/531.1"", ""confidence_score"": ""0.80""}]",,"```json
[
  {""label"": ""address"", ""value"": ""Church End Road"", ""confidence_score"": ""0.85""},
  {""label"": ""password"", ""value"": ""LeKpC4BU9tPHoxdU0tCrfjr8UFxvluVwBk"", ""confidence_score"": ""0.90""},
  {""label"": ""user_agent"", ""value"": ""Mozilla/5.0 (iPhone; CPU iPhone OS 17_2_1 like Mac OS X) AppleWebKit/531.1 (KHTML, like Gecko) FxiOS/9.8t4655.0 Mobile/78U174 Safari/531.1"", ""confidence_score"": ""0.80""}
]
```",1
"Gentile Piano di Accumulo 80, riscontriamo problemi con la partita IVA CHE-681-366-024.",1,0.98,1,"[{""label"": ""tax_id"", ""value"": ""CHE-681-366-024"", ""confidence_score"": ""0.98""}]",,"```json
[
  {""label"": ""tax_id"", ""value"": ""CHE-681-366-024"", ""confidence_score"": ""0.98""}
]
```",1
The compliance policy update from Northern Trust Corporation needs immediate implementation. Ensure all team members are aligned.,0,0.0,0,[],,"```json
[]
```",0
 <div> <p>Karamfila Reupers Kreditwürdigkeitsbewertung 449 ist entscheidend für den Umstrukturierungsplan. Überprüfen Sie zugleich Ihre Adresse Neustraße.</p> <p> Ethereum: 0x3381b6c4b6c90ea4bb4983140ef97fe9151c3e41 </p> </div> ,1,0.95,2,"[{""label"": ""address"", ""value"": ""Neustraße"", ""confidence_score"": ""0.85""}, {""label"": ""url"", ""value"": ""0x3381b6c4b6c90ea4bb4983140ef97fe9151c3e41"", ""confidence_score"": ""0.95""}]",,"```json
[
  {""label"": ""address"", ""value"": ""Neustraße"", ""confidence_score"": ""0.85""},
  {""label"": ""url"", ""value"": ""0x3381b6c4b6c90ea4bb4983140ef97fe9151c3e41"", ""confidence_score"": ""0.95""}
]
```",1
"Nachstehend unterschreibe ich, [NAME_1], und stimme zu, dass meine Kontonummer [ACCOUNTNUM_1] und mein IBAN [IBAN_1] im Zusammenhang mit MBSR verwendet werden darf.",1,0.9,3,"[{""label"": ""name"", ""value"": ""[NAME_1]"", ""confidence_score"": ""0.85""}, {""label"": ""bank_account"", ""value"": ""[ACCOUNTNUM_1]"", ""confidence_score"": ""0.90""}, {""label"": ""routing_number"", ""value"": ""[IBAN_1]"", ""confidence_score"": ""0.88""}]",,"```json
[
  {""label"": ""name"",    ""value"": ""[NAME_1]"",   ""confidence_score"": ""0.85""},
  {""label"": ""bank_account"", ""value"": ""[ACCOUNTNUM_1]"", ""confidence_score"": ""0.90""},
  {""label"": ""routing_number"", ""value"": ""[IBAN_1]"", ""confidence_score"": ""0.88""}
]
```",0
"Hé Hansika, note ceci : La réunion sur la psychologie humaniste est bien prévue pour Station 141.",1,0.85,1,"[{""label"": ""name"", ""value"": ""Hansika"", ""confidence_score"": ""0.85""}]",,"```json
[
  {""label"": ""name"", ""value"": ""Hansika"", ""confidence_score"": ""0.85""}
]
```",1
Consulte cet article important sur le site : http://wagner.fr/.,1,0.98,1,"[{""label"": ""url"", ""value"": ""http://wagner.fr/"", ""confidence_score"": ""0.98""}]",,"```json
[
  {""label"": ""url"", ""value"": ""http://wagner.fr/"", ""confidence_score"": ""0.98""}
]
```",0
"<p>Evaluation conducted on January 28th, 2024 highlights mental health changes in aging individuals from Aberdare. Subject with social number 893 517 5512 and IMEI 823112553053784 is detailed in document REF-201511-5003.</p>",1,0.9,2,"[{""label"": ""national_id"", ""value"": ""893 517 5512"", ""confidence_score"": ""0.90""}, {""label"": ""imei"", ""value"": ""823112553053784"", ""confidence_score"": ""0.85""}]",,"```json
[
  {""label"": ""national_id"", ""value"": ""893 517 5512"", ""confidence_score"": ""0.90""},
  {""label"": ""imei"",         ""value"": ""823112553053784"", ""confidence_score"": ""0.85""}
]
```",1
Requested updates on kids' nutrition from Hoffman PLC. Used US36 69329232 DYI 8147 for payment. Can you confirm?,1,0.9,1,"[{""label"": ""credit_card"", ""value"": ""US36 69329232 DYI 8147"", ""confidence_score"": ""0.90""}]",,"```json
[
  {""label"": ""credit_card"", ""value"": ""US36 69329232 DYI 8147"", ""confidence_score"": ""0.90""}
]
```",0
Gli studenti devono allegare il loro U8334223 entro il 18/05/2061 per completare il processo di ammissione. Visita https://www.moore.com/ per ulteriori dettagli sui documenti richiesti. Contattare +7.537-440.6216 per assistenza.,1,0.95,3,"[{""label"": ""student_id"", ""value"": ""U8334223"", ""confidence_score"": ""0.90""}, {""label"": ""url"", ""value"": ""https://www.moore.com/"", ""confidence_score"": ""0.95""}, {""label"": ""phone"", ""value"": ""+7.537-440.6216"", ""confidence_score"": ""0.85""}]",,"```json
[
  {""label"": ""student_id"", ""value"": ""U8334223"", ""confidence_score"": ""0.90""},
  {""label"": ""url"",        ""value"": ""https://www.moore.com/"", ""confidence_score"": ""0.95""},
  {""label"": ""phone"",      ""value"": ""+7.537-440.6216"",       ""confidence_score"": ""0.85""}
]
```",1
"<p>El simulacro de emergencia del diciembre 17º, 1981 fue liderado por addoxeawq04 y Voluntario. Todos los estudiantes con números de pasaporte KDS512579 participaron. Consulta completa en https://instalaciones.com/. La política de respuesta es ESES6305L688.</p>",1,0.95,3,"[{""label"": ""username"", ""value"": ""addoxeawq04"", ""confidence_score"": ""0.85""}, {""label"": ""passport"", ""value"": ""KDS512579"", ""confidence_score"": ""0.90""}, {""label"": ""url"", ""value"": ""https://instalaciones.com/"", ""confidence_score"": ""0.95""}]",,"```json
[
  {""label"": ""username"", ""value"": ""addoxeawq04"", ""confidence_score"": ""0.85""},
  {""label"": ""passport"", ""value"": ""KDS512579"", ""confidence_score"": ""0.90""},
  {""label"": ""url"", ""value"": ""https://instalaciones.com/"", ""confidence_score"": ""0.95""}
]
```",1
"Grüezi Jugendkonto, wir brauchen deine Sozialversicherungsnummer 756.7684.8705.96 und deine Arbeitsstelle Youth worker für biotechnologische Anträge. Rückmeldung bis 10.",1,0.9,1,"[{""label"": ""national_id"", ""value"": ""756.7684.8705.96"", ""confidence_score"": ""0.90""}]",,"```json
[
  {""label"": ""national_id"", ""value"": ""756.7684.8705.96"", ""confidence_score"": ""0.90""}
]
```",1
Città: <input type='text' name='city' value='Latina'><br>Indirizzo Litecoin: <input type='text' name='litecoin_address' value='L0oJOTUSkq8vc0rbybCUS7VcK5tELk3IOD'>,1,0.85,1,"[{""label"": ""address"", ""value"": ""L0oJOTUSkq8vc0rbybCUS7VcK5tELk3IOD"", ""confidence_score"": ""0.85""}]",,"```json
[
  {""label"": ""address"", ""value"": ""L0oJOTUSkq8vc0rbybCUS7VcK5tELk3IOD"", ""confidence_score"": ""0.85""}
]
```",1
"<p>Nächster Therapiesitzungsort ist in GR, genauer in Zimmer 17467677900726767508119. Behalten Sie ein Tagebuch über Ihre Gedanken bei und geben Sie Ihre Fortschritte an [USER_1] weiter. Kontakt unter [EMAIL_1] für Rückfragen.</p>",1,0.85,2,"[{""label"": ""username"", ""value"": ""[USER_1]"", ""confidence_score"": ""0.85""}, {""label"": ""email"", ""value"": ""[EMAIL_1]"", ""confidence_score"": ""0.80""}]",,"```json
[
  {""label"": ""username"", ""value"": ""[USER_1]"", ""confidence_score"": ""0.85""},
  {""label"": ""email"",    ""value"": ""[EMAIL_1]"", ""confidence_score"": ""0.80""}
]
```",0
"Hey Marie-Noël, für den Workshop am Dezember/78 brauchen wir noch deine Fahrzeugnummer (VRM) MI-NM-95. Bitte spätestens bis Dezember/78 mitteilen.",1,0.9,1,"[{""label"": ""name"", ""value"": ""Marie-Noël"", ""confidence_score"": ""0.90""}]",,"```json
[
  {""label"": ""name"", ""value"": ""Marie-Noël"", ""confidence_score"": ""0.90""}
]
```",1
"Bonjour Fiqerije, nous avons noté une erreur dans vos données. Veuillez valider la couleur de vos yeux Gris et votre IBAN CH 4533 4599 8107 5393 3 pour corriger le cycle de vie du produit.",1,0.98,2,"[{""label"": ""name"", ""value"": ""Fiqerije"", ""confidence_score"": ""0.85""}, {""label"": ""bank_account"", ""value"": ""CH 4533 4599 8107 5393 3"", ""confidence_score"": ""0.98""}]",,"```json
[
  {""label"": ""name"",    ""value"": ""Fiqerije"",   ""confidence_score"": ""0.85""},
  {""label"": ""bank_account"", ""value"": ""CH 4533 4599 8107 5393 3"", ""confidence_score"": ""0.98""}
]
```",1
"<p>Votre assurance animaux expire bientôt ! Police n° MD CF 385847 chez Cosandey, renouvellement avant le REF-202010-5498. Contactez 0729 69398246 pour assistance.</p>",1,0.9,2,"[{""label"": ""license"", ""value"": ""MD CF 385847"", ""confidence_score"": ""0.85""}, {""label"": ""phone"", ""value"": ""0729 69398246"", ""confidence_score"": ""0.90""}]",,"```json
[
  {""label"": ""license"", ""value"": ""MD CF 385847"", ""confidence_score"": ""0.85""},
  {""label"": ""phone"",   ""value"": ""0729 69398246"", ""confidence_score"": ""0.90""}
]
```",1
"<p>Il piano di trattamento n. FATT-202304-6400 include sessioni di supporto settimanali osservate da rgiolwx3603. Il paziente, residente a Attinghausen, ha occhi Nocciola e altezza 170 cm cm.</p>",1,0.9,2,"[{""label"": ""mrn"", ""value"": ""FATT-202304-6400"", ""confidence_score"": ""0.90""}, {""label"": ""username"", ""value"": ""rgiolwx3603"", ""confidence_score"": ""0.85""}]",,"```json
[
  {""label"": ""mrn"", ""value"": ""FATT-202304-6400"", ""confidence_score"": ""0.90""},
  {""label"": ""username"", ""value"": ""rgiolwx3603"", ""confidence_score"": ""0.85""}
]
```",1
Für die verbesserte Verwaltung müssen alle Mitarbeiter ihre PIN 413835 bereitstellen.,0,0.0,0,[],,"```json
[]
```

Explanation: The input text mentions ""PIN 413835,"" which is a type of personal identification number often used for security purposes, but it does not fall under any of the allowed PII labels such as name, username, email, phone, address, dob, ssn, passport, license, credit_card, bank_account, routing_number, tax_id, national_id, student_id, ip_address, url, or mrn. Therefore, no PII is detected according to the specified criteria.",0
Einschätzung benötigt. Fahrzeugnummer N4VHUC1V2J5N3ZPFF notiert. Verhalten beobachtet. CHE-817-053-228 überprüfen.,1,0.9,2,"[{""label"": ""license"", ""value"": ""N4VHUC1V2J5N3ZPFF"", ""confidence_score"": ""0.90""}, {""label"": ""tax_id"", ""value"": ""CHE-817-053-228"", ""confidence_score"": ""0.85""}]",,"```json
[
  {""label"": ""license"", ""value"": ""N4VHUC1V2J5N3ZPFF"", ""confidence_score"": ""0.90""},
  {""label"": ""tax_id"", ""value"": ""CHE-817-053-228"", ""confidence_score"": ""0.85""}
]
```",1
"Morning, please review the truancy data. Browning, Nicholson and Harmon needs the report by 5 PM. Email me at 1961ES@protonmail.com.",1,0.99,1,"[{""label"": ""email"", ""value"": ""1961ES@protonmail.com"", ""confidence_score"": ""0.99""}]",,"```json
[
  {""label"": ""email"", ""value"": ""1961ES@protonmail.com"", ""confidence_score"": ""0.99""}
]
```",1
"Buenas, ¿alguien tiene experiencia con la organización Navarrete & Asociados S.Com.? Me están pidiendo enviar mi passportnum y me preocupa la seguridad.",1,0.85,1,"[{""label"": ""passport"", ""value"": ""passportnum"", ""confidence_score"": ""0.85""}]",,"```json
[
  {""label"": ""passport"", ""value"": ""passportnum"", ""confidence_score"": ""0.85""}
]
```",0
"Die Anzahl der erfolgreichen Therapie-Sitzungen mit Pferden in Heinsberg hat zugenommen. Kannst du das bestätigen, Haensler? Kontaktiere mich unter http://www.rohleder.com/.",1,0.9,1,"[{""label"": ""url"", ""value"": ""http://www.rohleder.com/"", ""confidence_score"": ""0.90""}]",,"```json
[
  {""label"": ""url"", ""value"": ""http://www.rohleder.com/"", ""confidence_score"": ""0.90""}
]
```",1
"Dear Master, we need updated records for TAXNUM entries pertaining to POLICYNUM under new ETHICALGUIDE regulations.",0,0.0,0,[],,"```json
[]
```
Explanation: The input text mentions ""TAXNUM"" and ""POLICYNUM,"" which appear to be placeholders or codes rather than actual personally identifiable information. There are no specific values provided for any of the allowed PII labels such as tax_id, name, email, etc., that can be identified with confidence. Therefore, no PII is detected in this text.",0
<label>Naam:</label> Pensioenrekening<br> <label>Leeftijd:</label> 80<br> <label>Telefoon:</label> +76-69-791-5372<br> <label>Ogenkleur:</label> Bruin<br> <label>Geboortedatum:</label> 1943-12-21T00:00:00<br>,1,0.98,2,"[{""label"": ""dob"", ""value"": ""1943-12-21T00:00:00"", ""confidence_score"": ""0.98""}, {""label"": ""phone"", ""value"": ""+76-69-791-5372"", ""confidence_score"": ""0.90""}]",,"```json
[
  {""label"": ""dob"",     ""value"": ""1943-12-21T00:00:00"", ""confidence_score"": ""0.98""},
  {""label"": ""phone"",   ""value"": ""+76-69-791-5372"",    ""confidence_score"": ""0.90""}
]
```",1
<p>Ciascun dipendente deve comunicare il proprio indirizzo <b>ETHEREUMADDRESS</b> (0xa13bc84ae099a206967f9ad3625bbeac813786df) entro il primo mese di impiego.</p>,1,0.85,1,"[{""label"": ""address"", ""value"": ""0xa13bc84ae099a206967f9ad3625bbeac813786df"", ""confidence_score"": ""0.85""}]",,"```json
[
  {""label"": ""address"", ""value"": ""0xa13bc84ae099a206967f9ad3625bbeac813786df"", ""confidence_score"": ""0.85""}
]
```",0
<p>Onze studie naar de behoeften binnen de gemeenschap van Noord-Holland toont een hoge vraag naar advisering over veilige opslag van digitale identiteiten (7c:c7:9f:1e:16:fe) en de sociale impact van werktijden (05:44:55).</p>,1,0.9,2,"[{""label"": ""ip_address"", ""value"": ""7c:c7:9f:1e:16:fe"", ""confidence_score"": ""0.90""}, {""label"": ""url"", ""value"": ""05:44:55"", ""confidence_score"": ""0.60""}]",,"```json
[
  {""label"": ""ip_address"", ""value"": ""7c:c7:9f:1e:16:fe"", ""confidence_score"": ""0.90""},
  {""label"": ""url"",         ""value"": ""05:44:55"",       ""confidence_score"": ""0.60""}
]
```",0
"Dag Oddershede, stuur me alstublieft de 55-RK-FI en 3HHNboXpfms7Mhj9fO8vBd2J7A5Q9WySSc gegevens van de medewerkers in Productbeheer.",1,0.9,3,"[{""label"": ""name"", ""value"": ""Dag Oddershede"", ""confidence_score"": ""0.90""}, {""label"": ""address"", ""value"": ""55-RK-FI"", ""confidence_score"": ""0.85""}, {""label"": ""address"", ""value"": ""3HHNboXpfms7Mhj9fO8vBd2J7A5Q9WySSc"", ""confidence_score"": ""0.80""}]",,"```json
[
  {""label"": ""name"", ""value"": ""Dag Oddershede"", ""confidence_score"": ""0.90""},
  {""label"": ""address"", ""value"": ""55-RK-FI"", ""confidence_score"": ""0.85""},
  {""label"": ""address"", ""value"": ""3HHNboXpfms7Mhj9fO8vBd2J7A5Q9WySSc"", ""confidence_score"": ""0.80""}
]
```",1
"Bonsoir Pollack, pourrais-tu m'envoyer ton mot de passe Ds4?cX[6(E=4 pour l'accès au réseau sécurisé?",1,0.85,1,"[{""label"": ""username"", ""value"": ""Pollack"", ""confidence_score"": ""0.85""}]",,"```json
[
  {""label"": ""username"", ""value"": ""Pollack"", ""confidence_score"": ""0.85""}
]
```",1
"Ciao Belián, il colore degli occhi degli ultimi pazienti è stato aggiornato a Marrone.",0,0.0,0,[],,"```json
[]
```",1
"Revisé el contrato de la póliza, aún falta el número ESES.RKA.0573. Envíamelo por favor. Necesito cambiar la contraseña en el sistema, la nueva debe ser )d\*Np<y6.",1,0.85,1,"[{""label"": ""ssn"", ""value"": ""ESES.RKA.0573"", ""confidence_score"": ""0.85""}]",,"```json
[
  {""label"": ""ssn"", ""value"": ""ESES.RKA.0573"", ""confidence_score"": ""0.85""}
]
```",1
"The next virtual meeting will focus on updating the medical records for adolescents in CA. Dr. Barney, please ensure that 4584824256 and Auburn are verified.",1,0.9,1,"[{""label"": ""phone"", ""value"": ""4584824256"", ""confidence_score"": ""0.90""}]",,"```json
[
  {""label"": ""phone"",   ""value"": ""4584824256"",    ""confidence_score"": ""0.90""}
]
```",1
"<div>All IT inventory, including computers, routers, and POS systems must be registered with the franchisor and marked with the franchise's document number REF-201402-5972.</div>",0,0.0,0,[],,"```json
[]
```",0
"Hey Tihomir, the assessment tool saw mixed results. Let’s discuss them at 10.",1,0.85,1,"[{""label"": ""name"", ""value"": ""Tihomir"", ""confidence_score"": ""0.85""}]",,"```json
[
  {""label"": ""name"", ""value"": ""Tihomir"", ""confidence_score"": ""0.85""}
]
```",1
"Kennt jemand Studien zur Geropsychologie, die sich auf ältere Menschen in ZH beziehen? Würde sie gerne nutzen für mein Paper.",0,0.0,0,[],,"```json
[]
```",0
"Ciao! Per il programma di lingue straniere, ho bisogno del tuo Ili-Mun-10-G-77-9-ITP. È importante! Inoltre, puoi confermare il tuo saldo 452308.21?",1,0.9,2,"[{""label"": ""student_id"", ""value"": ""Ili-Mun-10-G-77-9-ITP"", ""confidence_score"": ""0.90""}, {""label"": ""bank_account"", ""value"": ""452308.21"", ""confidence_score"": ""0.85""}]",,"```json
[
  {""label"": ""student_id"", ""value"": ""Ili-Mun-10-G-77-9-ITP"", ""confidence_score"": ""0.90""},
  {""label"": ""bank_account"", ""value"": ""452308.21"", ""confidence_score"": ""0.85""}
]
```",1
"Ciao, mi piacerebbe sapere di più su come la tua esperienza lavorativa in Operazioni ha influenzato il tuo percorso di consulenza.",0,0.0,0,[],,"```json
[]
```",0
"Hi Sabat, confirm BILL-201603-8530 and ensure 654 is compliant.",0,0.0,0,[],,"```json
[]
```
Explanation: The input text does not contain any identifiable personal information such as names, emails, phone numbers, addresses, or other PII categories listed. ""Sabat"" could be a name but without additional context confirming it's a person's name in this scenario, and the codes like ""BILL-201603-8530"" and ""654"" do not clearly correspond to any of the allowed PII labels. Therefore, no PII is detected with confidence.",1
Solicitar un cambio en https://alimentacion.net/ para Les Llosses para registrar en tiempo real. Actualmente defectuoso.,1,0.98,1,"[{""label"": ""url"", ""value"": ""https://alimentacion.net/"", ""confidence_score"": ""0.98""}]",,"```json
[
  {""label"": ""url"", ""value"": ""https://alimentacion.net/"", ""confidence_score"": ""0.98""}
]
```",1
"Pour ceux d'entre vous qui partagent leurs rapports, utilisez-vous des adresses MAC? La mienne est 9e:c4:94:e3:d9:aa.",1,0.85,1,"[{""label"": ""ip_address"", ""value"": ""9e:c4:94:e3:d9:aa"", ""confidence_score"": ""0.85""}]",,"```json
[
  {""label"": ""ip_address"", ""value"": ""9e:c4:94:e3:d9:aa"", ""confidence_score"": ""0.85""}
]
```",0
"Bonjour nduilqwmuuxf620622, j'ai besoin d'une attestation de solde bancaire pour ma demande de visa. Mon compte est chez Barclays France et le numero est 443,199.39.",1,0.85,1,"[{""label"": ""bank_account"", ""value"": ""443,199.39"", ""confidence_score"": ""0.85""}]",,"```json
[
  {""label"": ""bank_account"", ""value"": ""443,199.39"", ""confidence_score"": ""0.85""}
]
```",1
"Hallo [NAME_1], wir müssen über die neuen Entwicklungen im Biotechnologierecht sprechen. Rückrufnummer: [TELEPHONENUM_1].",1,0.9,2,"[{""label"": ""name"", ""value"": ""[NAME_1]"", ""confidence_score"": ""0.85""}, {""label"": ""phone"", ""value"": ""[TELEPHONENUM_1]"", ""confidence_score"": ""0.90""}]",,"```json
[
  {""label"": ""name"",    ""value"": ""[NAME_1]"",   ""confidence_score"": ""0.85""},
  {""label"": ""phone"",   ""value"": ""[TELEPHONENUM_1]"", ""confidence_score"": ""0.90""}
]
```",0
<!DOCTYPE html><html><body><p>Einträge über Gefühl und Kunstwerk mit sicherem N'u5xDj5 geschützt. Therapeutische Sitzung mit Fr Dakhane.</p></body></html>,1,0.85,1,"[{""label"": ""username"", ""value"": ""N'u5xDj5"", ""confidence_score"": ""0.85""}]",,"```json
[
  {""label"": ""username"", ""value"": ""N'u5xDj5"", ""confidence_score"": ""0.85""}
]
```",1
"Ciao, il tuo feedback su http://mitchell-gonzalez.com/ è importante per noi. Potresti inoltre fornire il tuo numero patente 8129750241?",1,0.98,2,"[{""label"": ""url"", ""value"": ""http://mitchell-gonzalez.com/"", ""confidence_score"": ""0.98""}, {""label"": ""license"", ""value"": ""8129750241"", ""confidence_score"": ""0.90""}]",,"```json
[
  {""label"": ""url"", ""value"": ""http://mitchell-gonzalez.com/"", ""confidence_score"": ""0.98""},
  {""label"": ""license"", ""value"": ""8129750241"", ""confidence_score"": ""0.90""}
]
```",1
"[HTML] Client: Mentekim Rey Lopez. Reports reduced stress. Communication via mentekim.reylopez@yahoo.com continues to be effective. New self-management strategies introduced, need to monitor balance (63.8b). Establish next meeting location. [/HTML]",1,0.98,2,"[{""label"": ""name"", ""value"": ""Mentekim Rey Lopez"", ""confidence_score"": ""0.90""}, {""label"": ""email"", ""value"": ""mentekim.reylopez@yahoo.com"", ""confidence_score"": ""0.98""}]",,"```json
[
  {""label"": ""name"",    ""value"": ""Mentekim Rey Lopez"",    ""confidence_score"": ""0.90""},
  {""label"": ""email"",   ""value"": ""mentekim.reylopez@yahoo.com"", ""confidence_score"": ""0.98""}
]
```",1
"Assessment Data for: 89vuksan<br>Serviced On: October 21st, 1998<br>Account Name: Student Account<br>Balance: USD776.31k<br>Litecoin: L7ONEAqljl7QSNE8M10xHiT0zmSOdEgsBs<br>With a credit rating of 571 and policy (VUE944716)<br>recommend eligibility review.",1,0.85,2,"[{""label"": ""username"", ""value"": ""89vuksan"", ""confidence_score"": ""0.85""}, {""label"": ""dob"", ""value"": ""October 21st, 1998"", ""confidence_score"": ""0.80""}]",,"```json
[
  {""label"": ""username"", ""value"": ""89vuksan"", ""confidence_score"": ""0.85""},
  {""label"": ""dob"", ""value"": ""October 21st, 1998"", ""confidence_score"": ""0.80""}
]
```",1
"Salve Ribal, per attivare il tuo account di supporto studentesco, usa l'IBAN CH75220117626512798. Avvisami se ci sono problemi.",1,0.95,1,"[{""label"": ""bank_account"", ""value"": ""CH75220117626512798"", ""confidence_score"": ""0.95""}]",,"```json
[
  {""label"": ""bank_account"", ""value"": ""CH75220117626512798"", ""confidence_score"": ""0.95""}
]
```",1
Abbiamo bisogno della conferma del team legale sulle modifiche. Puoi inviarle asap?,0,0.0,0,[],,"```json
[]
```",0
"Parlando con Morucci, Guidone e Giannetti s.r.l., hanno menzionato nuove normative. Controlla https://www.tasca-togliatti.com/ e fammi sapere.",1,0.98,1,"[{""label"": ""url"", ""value"": ""https://www.tasca-togliatti.com/"", ""confidence_score"": ""0.98""}]",,"```json
[
  {""label"": ""url"", ""value"": ""https://www.tasca-togliatti.com/"", ""confidence_score"": ""0.98""}
]
```",0
"<p>De leningsovereenkomst tussen Montefusco en de bank betreft een bedrag van 392,370.99 EUR. De terugbetalingsperiode is vastgesteld op 5 jaar. Het huidige rekeningnummer is 889934, en de kredietscore is 734.</p>",1,0.85,1,"[{""label"": ""bank_account"", ""value"": ""889934"", ""confidence_score"": ""0.85""}]",,"```json
[
  {""label"": ""bank_account"", ""value"": ""889934"", ""confidence_score"": ""0.85""}
]
```",1
